"plotID","Doses","Dolomite","ID","Replicates","plantID","germination","numberLC","heightNode","heightLeaf","length1","circumference1","weight1","length2","circumference2","weight2","length3","circumference3","weight3","weightAll","Dolomite_bin","realizedG"
100,7,0,6,5,1,"y",9,72,119,23,24.5,110,NA,NA,NA,NA,NA,NA,110,0,1
100,7,0,6,5,10,"y",8,51,98,27,23.8,155,NA,NA,NA,NA,NA,NA,155,0,1
100,7,0,6,5,11,"y",7,58,105,24,23,125,NA,NA,NA,NA,NA,NA,125,0,1
100,7,0,6,5,12,"y",7,60,95,NA,NA,NA,NA,NA,NA,NA,NA,NA,NA,0,1
100,7,0,6,5,13,"y",8,51,108,19,24.6,105,NA,NA,NA,NA,NA,NA,105,0,1
100,7,0,6,5,14,"y",8,64,116,20,22.3,65,NA,NA,NA,NA,NA,NA,65,0,1
100,7,0,6,5,15,"y",9,77,118,19,22.7,75,NA,NA,NA,NA,NA,NA,75,0,1
100,7,0,6,5,16,"y",9,78,126,19,24.8,95,NA,NA,NA,NA,NA,NA,95,0,1
100,7,0,6,5,17,"y",9,64,110,22,23,85,NA,NA,NA,NA,NA,NA,85,0,1
100,7,0,6,5,18,"y",8,73,139,24,23.5,125,NA,NA,NA,NA,NA,NA,125,0,1
100,7,0,6,5,19,"y",8,62,113,19,22.4,65,NA,NA,NA,NA,NA,NA,65,0,1
100,7,0,6,5,2,"y",6,23,57,17,23.8,30,NA,NA,NA,NA,NA,NA,30,0,1
100,7,0,6,5,20,"y",8,55,109,24,23.1,115,NA,NA,NA,NA,NA,NA,115,0,1
100,7,0,6,5,21,"y",8,42,69,16,20.6,30,NA,NA,NA,NA,NA,NA,30,0,1
100,7,0,6,5,22,"y",7,61,118,17,22.5,40,NA,NA,NA,NA,NA,NA,40,0,1
100,7,0,6,5,23,"y",8,57,107,21,22.6,95,NA,NA,NA,NA,NA,NA,95,0,1
100,7,0,6,5,24,"y",9,67,112,22,22.7,95,NA,NA,NA,NA,NA,NA,95,0,1
100,7,0,6,5,25,"y",8,64,102,23,25,145,NA,NA,NA,NA,NA,NA,145,0,1
100,7,0,6,5,26,"y",6,29,47,NA,NA,NA,NA,NA,NA,NA,NA,NA,NA,0,1
100,7,0,6,5,27,"y",3,13,28,NA,NA,NA,NA,NA,NA,NA,NA,NA,NA,0,1
100,7,0,6,5,28,"y",8,72,106,21,23.4,115,NA,NA,NA,NA,NA,NA,115,0,1
100,7,0,6,5,29,"y",8,51,105,22,22.8,90,NA,NA,NA,NA,NA,NA,90,0,1
100,7,0,6,5,3,"y",8,50,95,18,24,80,NA,NA,NA,NA,NA,NA,80,0,1
100,7,0,6,5,30,"y",7,55,102,24,22.2,65,NA,NA,NA,NA,NA,NA,65,0,1
100,7,0,6,5,4,"y",9,66,104,NA,NA,NA,NA,NA,NA,NA,NA,NA,NA,0,1
100,7,0,6,5,5,"n",NA,NA,NA,NA,NA,NA,NA,NA,NA,NA,NA,NA,NA,0,0
100,7,0,6,5,6,"y",10,83,147,19,23.8,70,14,22.8,20,NA,NA,NA,90,0,1
100,7,0,6,5,7,"y",11,89,103,24,27.4,175,NA,NA,NA,NA,NA,NA,175,0,1
100,7,0,6,5,8,"y",7,44,87,NA,NA,NA,NA,NA,NA,NA,NA,NA,NA,0,1
100,7,0,6,5,9,"y",8,63,100,24,23.3,95,NA,NA,NA,NA,NA,NA,95,0,1
104,13,0,9,5,1,"y",8,69,129,24,26,175,NA,NA,NA,NA,NA,NA,175,0,1
104,13,0,9,5,10,"y",8,74,128,30,24.2,225,NA,NA,NA,NA,NA,NA,225,0,1
104,13,0,9,5,11,"y",10,101,147,22,25.3,155,NA,NA,NA,NA,NA,NA,155,0,1
104,13,0,9,5,12,"y",10,113,154,27,24,175,NA,NA,NA,NA,NA,NA,175,0,1
104,13,0,9,5,13,"n",NA,NA,NA,NA,NA,NA,NA,NA,NA,NA,NA,NA,NA,0,0
104,13,0,9,5,14,"n",NA,NA,NA,NA,NA,NA,NA,NA,NA,NA,NA,NA,NA,0,0
104,13,0,9,5,15,"y",9,85,138,17,21.5,45,NA,NA,NA,NA,NA,NA,45,0,1
104,13,0,9,5,16,"y",10,106,159,23,24.8,120,NA,NA,NA,NA,NA,NA,120,0,1
104,13,0,9,5,17,"y",11,99,145,26,23.3,170,NA,NA,NA,NA,NA,NA,170,0,1
104,13,0,9,5,18,"y",6,38,79,NA,NA,NA,NA,NA,NA,NA,NA,NA,NA,0,1
104,13,0,9,5,19,"y",9,81,140,21,24.5,135,NA,NA,NA,NA,NA,NA,135,0,1
104,13,0,9,5,2,"y",11,104,154,24,24,160,14,23,25,NA,NA,NA,185,0,1
104,13,0,9,5,20,"n",NA,NA,NA,NA,NA,NA,NA,NA,NA,NA,NA,NA,NA,0,0
104,13,0,9,5,21,"y",8,32,59,NA,NA,NA,NA,NA,NA,NA,NA,NA,NA,0,1
104,13,0,9,5,22,"y",9,85,127,21,24.5,75,NA,NA,NA,NA,NA,NA,75,0,1
104,13,0,9,5,23,"y",10,94,137,25,23.6,160,NA,NA,NA,NA,NA,NA,160,0,1
104,13,0,9,5,24,"y",8,83,133,NA,NA,NA,NA,NA,NA,NA,NA,NA,NA,0,1
104,13,0,9,5,25,"y",8,70,117,24,25,170,NA,NA,NA,NA,NA,NA,170,0,1
104,13,0,9,5,26,"y",9,80,144,23,24.5,140,NA,NA,NA,NA,NA,NA,140,0,1
104,13,0,9,5,27,"y",9,81,143,21,24.2,85,NA,NA,NA,NA,NA,NA,85,0,1
104,13,0,9,5,28,"y",9,91,147,21,25.5,150,NA,NA,NA,NA,NA,NA,150,0,1
104,13,0,9,5,29,"y",9,81,136,NA,NA,NA,NA,NA,NA,NA,NA,NA,NA,0,1
104,13,0,9,5,3,"y",10,123,153,28,26.8,240,23,24.5,120,NA,NA,NA,360,0,1
104,13,0,9,5,30,"y",9,66,113,29,25.2,210,NA,NA,NA,NA,NA,NA,210,0,1
104,13,0,9,5,4,"n",NA,NA,NA,NA,NA,NA,NA,NA,NA,NA,NA,NA,NA,0,0
104,13,0,9,5,5,"y",12,132,177,29,26,265,NA,NA,NA,NA,NA,NA,265,0,1
104,13,0,9,5,6,"y",10,104,154,24,24.6,155,NA,NA,NA,NA,NA,NA,155,0,1
104,13,0,9,5,7,"y",8,79,135,25,25,145,NA,NA,NA,NA,NA,NA,145,0,1
104,13,0,9,5,8,"y",10,84,134,29,25.8,260,NA,NA,NA,NA,NA,NA,260,0,1
104,13,0,9,5,9,"y",8,80,126,28,25.5,195,NA,NA,NA,NA,NA,NA,195,0,1
11,15,0,10,1,1,"y",9,83,158,26,23.5,145,NA,NA,NA,NA,NA,NA,145,0,1
11,15,0,10,1,10,"y",10,98,150,25,25.2,180,NA,NA,NA,NA,NA,NA,180,0,1
11,15,0,10,1,11,"n",NA,NA,NA,NA,NA,NA,NA,NA,NA,NA,NA,NA,NA,0,0
11,15,0,10,1,12,"y",9,65,120,22,25,135,NA,NA,NA,NA,NA,NA,135,0,1
11,15,0,10,1,13,"y",11,114,156,20,23.3,85,NA,NA,NA,NA,NA,NA,85,0,1
11,15,0,10,1,14,"y",9,101,158,25,25.4,175,NA,NA,NA,NA,NA,NA,175,0,1
11,15,0,10,1,15,"y",8,100,134,23,24.5,125,NA,NA,NA,NA,NA,NA,125,0,1
11,15,0,10,1,16,"y",9,100,142,24,23.6,125,NA,NA,NA,NA,NA,NA,125,0,1
11,15,0,10,1,17,"y",10,126,149,20,24.5,110,NA,NA,NA,NA,NA,NA,110,0,1
11,15,0,10,1,18,"y",8,95,146,24,25.5,165,NA,NA,NA,NA,NA,NA,165,0,1
11,15,0,10,1,19,"y",10,90,146,29,23.6,175,22,22,70,NA,NA,NA,245,0,1
11,15,0,10,1,2,"n",NA,NA,NA,NA,NA,NA,NA,NA,NA,NA,NA,NA,NA,0,0
11,15,0,10,1,20,"y",10,105,138,23,24.8,135,NA,NA,NA,NA,NA,NA,135,0,1
11,15,0,10,1,21,"n",NA,NA,NA,NA,NA,NA,NA,NA,NA,NA,NA,NA,NA,0,0
11,15,0,10,1,22,"y",10,73,100,24,23.8,130,NA,NA,NA,NA,NA,NA,130,0,1
11,15,0,10,1,23,"y",9,80,121,24,25.5,130,NA,NA,NA,NA,NA,NA,130,0,1
11,15,0,10,1,24,"y",7,30,63,15,18,15,NA,NA,NA,NA,NA,NA,15,0,1
11,15,0,10,1,25,"y",8,83,122,28,24.7,170,NA,NA,NA,NA,NA,NA,170,0,1
11,15,0,10,1,26,"y",10,80,126,20,25,105,NA,NA,NA,NA,NA,NA,105,0,1
11,15,0,10,1,27,"y",9,102,158,14,13.2,45,NA,NA,NA,NA,NA,NA,45,0,1
11,15,0,10,1,28,"y",11,107,158,28,24.8,225,NA,NA,NA,NA,NA,NA,225,0,1
11,15,0,10,1,29,"y",11,80,124,19,22.9,90,NA,NA,NA,NA,NA,NA,90,0,1
11,15,0,10,1,3,"y",9,96,142,26,24.8,220,NA,NA,NA,NA,NA,NA,220,0,1
11,15,0,10,1,30,"y",9,77,128,NA,NA,NA,NA,NA,NA,NA,NA,NA,NA,0,1
11,15,0,10,1,4,"y",10,93,132,22,22.5,65,NA,NA,NA,NA,NA,NA,65,0,1
11,15,0,10,1,5,"y",9,96,138,26,25.5,160,NA,NA,NA,NA,NA,NA,160,0,1
11,15,0,10,1,6,"y",10,78,125,21,23.6,90,NA,NA,NA,NA,NA,NA,90,0,1
11,15,0,10,1,7,"y",10,108,154,25,25.5,210,NA,NA,NA,NA,NA,NA,210,0,1
11,15,0,10,1,8,"y",10,90,142,24,24,135,NA,NA,NA,NA,NA,NA,135,0,1
11,15,0,10,1,9,"y",10,109,160,21,22.5,80,NA,NA,NA,NA,NA,NA,80,0,1
112,20,0,11,5,1,"y",10,84,103,26,23.5,160,NA,NA,NA,NA,NA,NA,160,0,1
112,20,0,11,5,10,"y",8,72,100,21,24.5,145,NA,NA,NA,NA,NA,NA,145,0,1
112,20,0,11,5,11,"y",7,93,132,24,25.6,195,NA,NA,NA,NA,NA,NA,195,0,1
112,20,0,11,5,12,"y",7,99,144,18,21.3,25,NA,NA,NA,NA,NA,NA,25,0,1
112,20,0,11,5,13,"y",8,101,139,27,25,215,18,21.2,45,19,18.5,30,290,0,1
112,20,0,11,5,14,"y",8,99,137,29,24.8,190,NA,NA,NA,NA,NA,NA,190,0,1
112,20,0,11,5,15,"y",7,30,55,23,27.5,195,NA,NA,NA,NA,NA,NA,195,0,1
112,20,0,11,5,16,"n",NA,NA,NA,NA,NA,NA,NA,NA,NA,NA,NA,NA,NA,0,0
112,20,0,11,5,17,"y",8,101,136,NA,NA,NA,NA,NA,NA,NA,NA,NA,NA,0,1
112,20,0,11,5,18,"y",6,29,54,26,24.6,175,NA,NA,NA,NA,NA,NA,175,0,1
112,20,0,11,5,19,"y",9,91,117,NA,NA,NA,NA,NA,NA,NA,NA,NA,NA,0,1
112,20,0,11,5,2,"y",8,70,106,21,26.7,135,NA,NA,NA,NA,NA,NA,150,0,1
112,20,0,11,5,20,"y",7,46,68,25,24.7,205,NA,NA,NA,NA,NA,NA,205,0,1
112,20,0,11,5,21,"n",NA,NA,NA,NA,NA,NA,NA,NA,NA,NA,NA,NA,NA,0,0
112,20,0,11,5,22,"y",9,102,132,25,25.5,205,NA,NA,NA,NA,NA,NA,205,0,1
112,20,0,11,5,23,"n",NA,NA,NA,NA,NA,NA,NA,NA,NA,NA,NA,NA,NA,0,0
112,20,0,11,5,24,"n",NA,NA,NA,NA,NA,NA,NA,NA,NA,NA,NA,NA,NA,0,0
112,20,0,11,5,25,"y",7,78,100,NA,NA,NA,NA,NA,NA,NA,NA,NA,NA,0,1
112,20,0,11,5,26,"y",8,66,105,26,23.5,130,NA,NA,NA,NA,NA,NA,130,0,1
112,20,0,11,5,27,"y",9,79,120,23,23.9,115,20,23,95,20,19.5,35,245,0,1
112,20,0,11,5,28,"y",8,97,125,NA,NA,NA,NA,NA,NA,NA,NA,NA,NA,0,1
112,20,0,11,5,29,"y",8,75,120,20,23.6,80,NA,NA,NA,NA,NA,NA,80,0,1
112,20,0,11,5,3,"y",9,84,112,24,24.2,135,NA,NA,NA,NA,NA,NA,135,0,1
112,20,0,11,5,30,"y",10,102,138,29,26.5,250,NA,NA,NA,NA,NA,NA,250,0,1
112,20,0,11,5,4,"y",10,95,124,27,25,205,20,21.3,55,NA,NA,NA,260,0,1
112,20,0,11,5,5,"n",NA,NA,NA,NA,NA,NA,NA,NA,NA,NA,NA,NA,NA,0,0
112,20,0,11,5,6,"y",9,87,123,31,26,260,NA,NA,NA,NA,NA,NA,260,0,1
112,20,0,11,5,7,"y",9,83,124,27,24.5,175,NA,NA,NA,NA,NA,NA,175,0,1
112,20,0,11,5,8,"y",8,85,104,20,23.5,85,NA,NA,NA,NA,NA,NA,85,0,1
112,20,0,11,5,9,"y",8,107,137,24,24.3,185,NA,NA,NA,NA,NA,NA,185,0,1
13,5,0,5,1,1,"y",9,64,120,18,23,60,NA,NA,NA,NA,NA,NA,60,0,1
13,5,0,5,1,10,"y",9,69,108,23,24.7,135,NA,NA,NA,NA,NA,NA,135,0,1
13,5,0,5,1,11,"y",9,82,100,22,25.4,145,NA,NA,NA,NA,NA,NA,145,0,1
13,5,0,5,1,12,"y",7,31,66,NA,NA,NA,NA,NA,NA,NA,NA,NA,NA,0,1
13,5,0,5,1,13,"y",8,58,115,23,23.1,105,NA,NA,NA,NA,NA,NA,105,0,1
13,5,0,5,1,14,"y",9,75,126,23,23.5,115,NA,NA,NA,NA,NA,NA,115,0,1
13,5,0,5,1,15,"n",NA,NA,NA,NA,NA,NA,NA,NA,NA,NA,NA,NA,NA,0,0
13,5,0,5,1,16,"y",8,69,116,20,27.7,55,NA,NA,NA,NA,NA,NA,55,0,1
13,5,0,5,1,17,"y",9,54,112,19,23,65,NA,NA,NA,NA,NA,NA,65,0,1
13,5,0,5,1,18,"y",8,39,74,16,21.7,35,NA,NA,NA,NA,NA,NA,35,0,1
13,5,0,5,1,19,"n",NA,NA,NA,NA,NA,NA,NA,NA,NA,NA,NA,NA,NA,0,0
13,5,0,5,1,2,"y",9,80,106,18,20.6,35,15,18.7,15,NA,NA,NA,50,0,1
13,5,0,5,1,20,"y",8,50,84,21,23.3,95,NA,NA,NA,NA,NA,NA,95,0,1
13,5,0,5,1,21,"y",8,45,88,NA,NA,NA,NA,NA,NA,NA,NA,NA,NA,0,1
13,5,0,5,1,22,"y",9,73,114,18,21.6,35,NA,NA,NA,NA,NA,NA,35,0,1
13,5,0,5,1,23,"y",7,46,85,18,20.5,30,NA,NA,NA,NA,NA,NA,30,0,1
13,5,0,5,1,24,"y",9,78,122,19,23.8,90,NA,NA,NA,NA,NA,NA,90,0,1
13,5,0,5,1,25,"y",7,51,101,NA,NA,NA,NA,NA,NA,NA,NA,NA,NA,0,1
13,5,0,5,1,26,"y",7,64,95,17,22.7,50,NA,NA,NA,NA,NA,NA,50,0,1
13,5,0,5,1,27,"y",8,50,95,18,22.5,50,NA,NA,NA,NA,NA,NA,50,0,1
13,5,0,5,1,28,"y",9,48,87,21,13.4,85,NA,NA,NA,NA,NA,NA,85,0,1
13,5,0,5,1,29,"y",8,43,86,20,21,45,NA,NA,NA,NA,NA,NA,45,0,1
13,5,0,5,1,3,"y",9,80,126,22,24.8,135,NA,NA,NA,NA,NA,NA,135,0,1
13,5,0,5,1,30,"y",8,54,82,16,20,15,NA,NA,NA,NA,NA,NA,15,0,1
13,5,0,5,1,4,"y",6,58,101,20,21.4,60,NA,NA,NA,NA,NA,NA,60,0,1
13,5,0,5,1,5,"y",8,68,109,17,22.4,35,NA,NA,NA,NA,NA,NA,35,0,1
13,5,0,5,1,6,"y",8,58,95,20,23.4,65,NA,NA,NA,NA,NA,NA,65,0,1
13,5,0,5,1,7,"n",NA,NA,NA,NA,NA,NA,NA,NA,NA,NA,NA,NA,NA,0,0
13,5,0,5,1,8,"y",8,58,83,20,22.1,60,NA,NA,NA,NA,NA,NA,60,0,1
13,5,0,5,1,9,"y",9,63,90,21,24.2,110,NA,NA,NA,NA,NA,NA,110,0,1
14,0.4,0,2,1,1,"y",7,47,82,22,23.3,115,NA,NA,NA,NA,NA,NA,115,0,1
14,0.4,0,2,1,10,"y",5,16,36,NA,NA,NA,NA,NA,NA,NA,NA,NA,NA,0,1
14,0.4,0,2,1,11,"y",6,23,42,NA,NA,NA,NA,NA,NA,NA,NA,NA,NA,0,1
14,0.4,0,2,1,12,"n",NA,NA,NA,NA,NA,NA,NA,NA,NA,NA,NA,NA,NA,0,0
14,0.4,0,2,1,13,"y",NA,NA,NA,NA,NA,NA,NA,NA,NA,NA,NA,NA,NA,0,1
14,0.4,0,2,1,14,"n",NA,NA,NA,NA,NA,NA,NA,NA,NA,NA,NA,NA,NA,0,0
14,0.4,0,2,1,15,"n",NA,NA,NA,NA,NA,NA,NA,NA,NA,NA,NA,NA,NA,0,0
14,0.4,0,2,1,16,"y",7,39,81,23,25.8,145,NA,NA,NA,NA,NA,NA,145,0,1
14,0.4,0,2,1,17,"n",NA,NA,NA,NA,NA,NA,NA,NA,NA,NA,NA,NA,NA,0,0
14,0.4,0,2,1,18,"y",6,38,82,21,22.5,90,NA,NA,NA,NA,NA,NA,90,0,1
14,0.4,0,2,1,19,"y",9,38,77,20,24.2,100,NA,NA,NA,NA,NA,NA,100,0,1
14,0.4,0,2,1,2,"n",NA,NA,NA,NA,NA,NA,NA,NA,NA,NA,NA,NA,NA,0,0
14,0.4,0,2,1,20,"y",4,10,30,NA,NA,NA,NA,NA,NA,NA,NA,NA,NA,0,1
14,0.4,0,2,1,21,"y",6,28,58,19,22.9,65,NA,NA,NA,NA,NA,NA,65,0,1
14,0.4,0,2,1,22,"y",6,25,57,NA,NA,NA,NA,NA,NA,NA,NA,NA,NA,0,1
14,0.4,0,2,1,23,"y",7,25,58,NA,NA,NA,NA,NA,NA,NA,NA,NA,NA,0,1
14,0.4,0,2,1,24,"y",8,38,60,20,23.5,90,NA,NA,NA,NA,NA,NA,90,0,1
14,0.4,0,2,1,25,"y",7,35,74,21,21.1,35,NA,NA,NA,NA,NA,NA,35,0,1
14,0.4,0,2,1,26,"y",7,41,72,21,23.7,30,NA,NA,NA,NA,NA,NA,30,0,1
14,0.4,0,2,1,27,"y",7,30,68,17,22.5,50,NA,NA,NA,NA,NA,NA,50,0,1
14,0.4,0,2,1,28,"y",6,34,58,15,22.5,25,NA,NA,NA,NA,NA,NA,25,0,1
14,0.4,0,2,1,29,"n",NA,NA,NA,NA,NA,NA,NA,NA,NA,NA,NA,NA,NA,0,0
14,0.4,0,2,1,3,"y",8,51,84,22,24.2,115,NA,NA,NA,NA,NA,NA,115,0,1
14,0.4,0,2,1,30,"y",5,18,36,NA,NA,NA,NA,NA,NA,NA,NA,NA,NA,0,1
14,0.4,0,2,1,4,"y",6,33,69,NA,NA,NA,NA,NA,NA,NA,NA,NA,NA,0,1
14,0.4,0,2,1,5,"y",7,31,57,18,23.2,60,NA,NA,NA,NA,NA,NA,60,0,1
14,0.4,0,2,1,6,"y",5,13,24,NA,NA,NA,NA,NA,NA,NA,NA,NA,NA,0,1
14,0.4,0,2,1,7,"y",7,25,42,NA,NA,NA,NA,NA,NA,NA,NA,NA,NA,0,1
14,0.4,0,2,1,8,"y",8,37,61,19,23,65,NA,NA,NA,NA,NA,NA,65,0,1
14,0.4,0,2,1,9,"y",3,8,14,NA,NA,NA,NA,NA,NA,NA,NA,NA,NA,0,1
16,13,0,9,1,1,"n",NA,NA,NA,NA,NA,NA,NA,NA,NA,NA,NA,NA,NA,0,0
16,13,0,9,1,10,"y",9,54,117,19,22.6,100,NA,NA,NA,NA,NA,NA,100,0,1
16,13,0,9,1,11,"y",9,77,134,22,23.7,105,NA,NA,NA,NA,NA,NA,105,0,1
16,13,0,9,1,12,"y",10,86,146,22,24.2,115,NA,NA,NA,NA,NA,NA,115,0,1
16,13,0,9,1,13,"y",10,90,124,23,25.5,160,NA,NA,NA,NA,NA,NA,160,0,1
16,13,0,9,1,14,"y",9,101,162,28,26.5,235,NA,NA,NA,NA,NA,NA,235,0,1
16,13,0,9,1,15,"y",5,24,55,23,25.5,165,NA,NA,NA,NA,NA,NA,165,0,1
16,13,0,9,1,16,"y",10,100,164,31,24.7,215,NA,NA,NA,NA,NA,NA,215,0,1
16,13,0,9,1,17,"y",9,94,134,NA,NA,NA,NA,NA,NA,NA,NA,NA,NA,0,1
16,13,0,9,1,18,"y",NA,NA,NA,NA,NA,NA,NA,NA,NA,NA,NA,NA,NA,0,1
16,13,0,9,1,19,"y",11,102,150,29,26.5,225,NA,NA,NA,NA,NA,NA,225,0,1
16,13,0,9,1,2,"y",9,79,130,24,25.3,195,NA,NA,NA,NA,NA,NA,195,0,1
16,13,0,9,1,20,"n",NA,NA,NA,NA,NA,NA,NA,NA,NA,NA,NA,NA,NA,0,0
16,13,0,9,1,21,"y",10,96,152,23,22.5,105,18,20.6,45,NA,NA,NA,150,0,1
16,13,0,9,1,22,"y",11,121,182,25,25.7,200,NA,NA,NA,NA,NA,NA,200,0,1
16,13,0,9,1,23,"y",8,72,115,23,24,125,NA,NA,NA,NA,NA,NA,125,0,1
16,13,0,9,1,24,"y",9,103,152,26,23.5,120,NA,NA,NA,NA,NA,NA,120,0,1
16,13,0,9,1,25,"y",9,72,125,24,23.7,120,NA,NA,NA,NA,NA,NA,120,0,1
16,13,0,9,1,26,"y",10,87,149,24,22.8,110,NA,NA,NA,NA,NA,NA,110,0,1
16,13,0,9,1,27,"n",NA,NA,NA,NA,NA,NA,NA,NA,NA,NA,NA,NA,NA,0,0
16,13,0,9,1,28,"y",9,67,114,27,23.7,150,NA,NA,NA,NA,NA,NA,150,0,1
16,13,0,9,1,29,"y",9,65,117,21,23.6,95,NA,NA,NA,NA,NA,NA,95,0,1
16,13,0,9,1,3,"y",9,66,114,21,25.2,125,NA,NA,NA,NA,NA,NA,125,0,1
16,13,0,9,1,30,"y",8,63,106,26,24.7,150,NA,NA,NA,NA,NA,NA,150,0,1
16,13,0,9,1,4,"y",9,67,121,20,24.3,95,NA,NA,NA,NA,NA,NA,95,0,1
16,13,0,9,1,5,"y",9,77,134,19,21.8,50,NA,NA,NA,NA,NA,NA,50,0,1
16,13,0,9,1,6,"y",8,52,93,26,25.6,190,NA,NA,NA,NA,NA,NA,190,0,1
16,13,0,9,1,7,"y",8,78,119,NA,NA,NA,NA,NA,NA,NA,NA,NA,NA,0,1
16,13,0,9,1,8,"y",10,78,127,24,24,140,NA,NA,NA,NA,NA,NA,140,0,1
16,13,0,9,1,9,"y",9,77,128,21,24.5,110,NA,NA,NA,NA,NA,NA,110,0,1
17,9,0,7,1,1,"n",NA,NA,NA,NA,NA,NA,NA,NA,NA,NA,NA,NA,NA,0,0
17,9,0,7,1,10,"n",NA,NA,NA,NA,NA,NA,NA,NA,NA,NA,NA,NA,NA,0,0
17,9,0,7,1,11,"y",9,91,160,24,24,145,NA,NA,NA,NA,NA,NA,145,0,1
17,9,0,7,1,12,"y",10,131,168,26,26,200,NA,NA,NA,NA,NA,NA,200,0,1
17,9,0,7,1,13,"y",10,86,139,26,25,175,NA,NA,NA,NA,NA,NA,175,0,1
17,9,0,7,1,14,"y",10,79,127,21,22.5,90,NA,NA,NA,NA,NA,NA,90,0,1
17,9,0,7,1,15,"y",9,85,137,26,24,130,NA,NA,NA,NA,NA,NA,130,0,1
17,9,0,7,1,16,"y",10,89,144,24,24,135,NA,NA,NA,NA,NA,NA,135,0,1
17,9,0,7,1,17,"y",8,50,90,15,22,25,NA,NA,NA,NA,NA,NA,25,0,1
17,9,0,7,1,18,"y",10,97,142,22,26,140,NA,NA,NA,NA,NA,NA,140,0,1
17,9,0,7,1,19,"y",8,52,93,21,22,75,NA,NA,NA,NA,NA,NA,75,0,1
17,9,0,7,1,2,"y",9,88,131,24,25,165,NA,NA,NA,NA,NA,NA,165,0,1
17,9,0,7,1,20,"y",9,65,123,26,24,160,NA,NA,NA,NA,NA,NA,160,0,1
17,9,0,7,1,21,"y",8,60,107,25,25.8,175,NA,NA,NA,NA,NA,NA,175,0,1
17,9,0,7,1,22,"y",9,96,144,26,24,150,NA,NA,NA,NA,NA,NA,150,0,1
17,9,0,7,1,23,"y",4,15,29,NA,NA,NA,NA,NA,NA,NA,NA,NA,NA,0,1
17,9,0,7,1,24,"n",NA,NA,NA,NA,NA,NA,NA,NA,NA,NA,NA,NA,NA,0,0
17,9,0,7,1,25,"y",9,74,144,24,25.3,130,NA,NA,NA,NA,NA,NA,130,0,1
17,9,0,7,1,26,"y",10,101,142,24,25.3,155,19,22.5,35,NA,NA,NA,190,0,1
17,9,0,7,1,27,"y",8,66,114,20,24,95,NA,NA,NA,NA,NA,NA,95,0,1
17,9,0,7,1,28,"y",8,75,137,22,22,75,NA,NA,NA,NA,NA,NA,75,0,1
17,9,0,7,1,29,"y",9,102,159,28,25.1,210,NA,NA,NA,NA,NA,NA,210,0,1
17,9,0,7,1,3,"y",9,94,146,30,24.5,240,NA,NA,NA,NA,NA,NA,240,0,1
17,9,0,7,1,30,"y",10,82,142,NA,NA,NA,NA,NA,NA,NA,NA,NA,NA,0,1
17,9,0,7,1,4,"y",9,80,133,25,23.7,155,NA,NA,NA,NA,NA,NA,155,0,1
17,9,0,7,1,5,"n",NA,NA,NA,NA,NA,NA,NA,NA,NA,NA,NA,NA,NA,0,0
17,9,0,7,1,6,"y",9,97,142,24,24.5,160,NA,NA,NA,NA,NA,NA,160,0,1
17,9,0,7,1,7,"y",9,83,122,22,23.6,115,NA,NA,NA,NA,NA,NA,115,0,1
17,9,0,7,1,8,"y",9,69,129,23,23.5,120,NA,NA,NA,NA,NA,NA,120,0,1
17,9,0,7,1,9,"y",8,79,136,28,23.7,180,NA,NA,NA,NA,NA,NA,180,0,1
18,0.8,0,3,1,1,"y",8,47,96,22,21.6,75,NA,NA,NA,NA,NA,NA,75,0,1
18,0.8,0,3,1,10,"y",8,42,87,18,23.6,60,NA,NA,NA,NA,NA,NA,60,0,1
18,0.8,0,3,1,11,"y",8,45,101,22,23.5,110,NA,NA,NA,NA,NA,NA,110,0,1
18,0.8,0,3,1,12,"y",7,50,91,23,22.3,80,NA,NA,NA,NA,NA,NA,80,0,1
18,0.8,0,3,1,13,"y",9,64,128,26,25.8,180,NA,NA,NA,NA,NA,NA,180,0,1
18,0.8,0,3,1,14,"y",9,76,111,19,25,80,NA,NA,NA,NA,NA,NA,80,0,1
18,0.8,0,3,1,15,"y",7,37,70,NA,NA,NA,NA,NA,NA,NA,NA,NA,NA,0,1
18,0.8,0,3,1,16,"y",6,29,57,24,25,135,NA,NA,NA,NA,NA,NA,135,0,1
18,0.8,0,3,1,17,"y",7,39,74,26,25.9,200,NA,NA,NA,NA,NA,NA,200,0,1
18,0.8,0,3,1,18,"y",7,42,76,NA,NA,NA,NA,NA,NA,NA,NA,NA,NA,0,1
18,0.8,0,3,1,19,"y",9,66,121,19,24,65,NA,NA,NA,NA,NA,NA,65,0,1
18,0.8,0,3,1,2,"y",9,52,114,25,24.5,145,NA,NA,NA,NA,NA,NA,145,0,1
18,0.8,0,3,1,20,"y",8,55,122,19,20.7,30,NA,NA,NA,NA,NA,NA,30,0,1
18,0.8,0,3,1,21,"y",7,35,90,21,23,70,NA,NA,NA,NA,NA,NA,70,0,1
18,0.8,0,3,1,22,"y",10,58,98,19,21.2,55,NA,NA,NA,NA,NA,NA,55,0,1
18,0.8,0,3,1,23,"y",9,55,101,22,24.1,100,NA,NA,NA,NA,NA,NA,100,0,1
18,0.8,0,3,1,24,"y",7,36,80,23,23,75,NA,NA,NA,NA,NA,NA,75,0,1
18,0.8,0,3,1,25,"y",7,30,66,19,21.2,35,NA,NA,NA,NA,NA,NA,35,0,1
18,0.8,0,3,1,26,"y",5,25,55,18,22,45,NA,NA,NA,NA,NA,NA,45,0,1
18,0.8,0,3,1,27,"n",NA,NA,NA,NA,NA,NA,NA,NA,NA,NA,NA,NA,NA,0,0
18,0.8,0,3,1,28,"y",7,26,53,15,22.8,25,NA,NA,NA,NA,NA,NA,25,0,1
18,0.8,0,3,1,29,"y",NA,NA,NA,NA,NA,NA,NA,NA,NA,NA,NA,NA,NA,0,1
18,0.8,0,3,1,3,"y",7,28,67,20,23.5,80,NA,NA,NA,NA,NA,NA,80,0,1
18,0.8,0,3,1,30,"y",NA,NA,NA,NA,NA,NA,NA,NA,NA,NA,NA,NA,NA,0,1
18,0.8,0,3,1,4,"y",7,35,76,18,22.2,45,NA,NA,NA,NA,NA,NA,45,0,1
18,0.8,0,3,1,5,"y",8,48,87,22,25,130,NA,NA,NA,NA,NA,NA,130,0,1
18,0.8,0,3,1,6,"y",7,32,59,20,24.4,115,NA,NA,NA,NA,NA,NA,115,0,1
18,0.8,0,3,1,7,"y",7,33,56,NA,NA,NA,NA,NA,NA,NA,NA,NA,NA,0,1
18,0.8,0,3,1,8,"y",8,37,84,NA,NA,NA,NA,NA,NA,NA,NA,NA,NA,0,1
18,0.8,0,3,1,9,"y",7,44,90,15,20.5,25,NA,NA,NA,NA,NA,NA,25,0,1
2,20,0,11,1,1,"n",NA,NA,NA,NA,NA,NA,NA,NA,NA,NA,NA,NA,NA,0,0
2,20,0,11,1,10,"y",9,70,100,24,25.2,160,NA,NA,NA,NA,NA,NA,160,0,1
2,20,0,11,1,11,"y",8,10,136,28,24.5,165,NA,NA,NA,NA,NA,NA,165,0,1
2,20,0,11,1,12,"y",8,86,124,17,24,55,18,22,65,NA,NA,NA,125,0,1
2,20,0,11,1,13,"y",9,112,148,29,26.8,262,NA,NA,NA,NA,NA,NA,262,0,1
2,20,0,11,1,14,"y",10,102,139,26,23,142,NA,NA,NA,NA,NA,NA,142,0,1
2,20,0,11,1,15,"y",8,105,132,26,27.3,247,NA,NA,NA,NA,NA,NA,247,0,1
2,20,0,11,1,16,"y",9,94,139,25,24,151,NA,NA,NA,NA,NA,NA,151,0,1
2,20,0,11,1,17,"y",10,109,142,29,27.1,135,NA,NA,NA,NA,NA,NA,240,0,1
2,20,0,11,1,18,"y",8,60,95,22,23.7,105,NA,NA,NA,NA,NA,NA,105,0,1
2,20,0,11,1,19,"y",9,84,118,25,27.6,270,NA,NA,NA,NA,NA,NA,270,0,1
2,20,0,11,1,2,"n",NA,NA,NA,NA,NA,NA,NA,NA,NA,NA,NA,NA,NA,0,0
2,20,0,11,1,20,"y",6,25,45,NA,NA,NA,NA,NA,NA,NA,NA,NA,NA,0,1
2,20,0,11,1,21,"y",7,48,92,25,24.7,160,NA,NA,NA,NA,NA,NA,160,0,1
2,20,0,11,1,22,"y",8,65,125,25,23,110,NA,NA,NA,NA,NA,NA,110,0,1
2,20,0,11,1,23,"y",7,58,95,22,24,100,NA,NA,NA,NA,NA,NA,100,0,1
2,20,0,11,1,24,"y",8,73,115,27,26,223,NA,NA,NA,NA,NA,NA,223,0,1
2,20,0,11,1,25,"y",9,58,100,23,24.5,130,NA,NA,NA,NA,NA,NA,130,0,1
2,20,0,11,1,26,"y",7,54,85,25,26.2,212,NA,NA,NA,NA,NA,NA,212,0,1
2,20,0,11,1,27,"y",7,58,93,26,25.5,225,NA,NA,NA,NA,NA,NA,225,0,1
2,20,0,11,1,28,"y",NA,NA,NA,NA,NA,NA,NA,NA,NA,NA,NA,NA,NA,0,1
2,20,0,11,1,29,"y",7,48,88,24,26.7,237,NA,NA,NA,NA,NA,NA,237,0,1
2,20,0,11,1,3,"y",9,91,133,28,25,205,NA,NA,NA,NA,NA,NA,205,0,1
2,20,0,11,1,30,"y",7,46,89,21,24.8,117,NA,NA,NA,NA,NA,NA,117,0,1
2,20,0,11,1,4,"y",10,84,128,30,28.5,264,NA,NA,NA,NA,NA,NA,264,0,1
2,20,0,11,1,5,"y",11,124,152,27,28.4,342,NA,NA,NA,NA,NA,NA,342,0,1
2,20,0,11,1,6,"y",8,114,125,33,24.8,300,NA,NA,NA,NA,NA,NA,300,0,1
2,20,0,11,1,7,"y",8,94,142,29,24.8,227,NA,NA,NA,NA,NA,NA,227,0,1
2,20,0,11,1,8,"y",9,100,142,28,26,235,NA,NA,NA,NA,NA,NA,235,0,1
2,20,0,11,1,9,"y",7,82,118,17,24.5,50,NA,NA,NA,NA,NA,NA,50,0,1
23,30,0,12,1,1,"n",NA,NA,NA,NA,NA,NA,NA,NA,NA,NA,NA,NA,NA,0,0
23,30,0,12,1,10,"y",9,79,129,26,25.2,75,NA,NA,NA,NA,NA,NA,160,0,1
23,30,0,12,1,11,"y",7,61,95,27,25.5,170,NA,NA,NA,NA,NA,NA,170,0,1
23,30,0,12,1,12,"n",NA,NA,NA,NA,NA,NA,NA,NA,NA,NA,NA,NA,NA,0,0
23,30,0,12,1,13,"n",NA,NA,NA,NA,NA,NA,NA,NA,NA,NA,NA,NA,NA,0,0
23,30,0,12,1,14,"n",NA,NA,NA,NA,NA,NA,NA,NA,NA,NA,NA,NA,NA,0,0
23,30,0,12,1,15,"n",NA,NA,NA,NA,NA,NA,NA,NA,NA,NA,NA,NA,NA,0,0
23,30,0,12,1,16,"n",NA,NA,NA,NA,NA,NA,NA,NA,NA,NA,NA,NA,NA,0,0
23,30,0,12,1,17,"n",NA,NA,NA,NA,NA,NA,NA,NA,NA,NA,NA,NA,NA,0,0
23,30,0,12,1,18,"n",NA,NA,NA,NA,NA,NA,NA,NA,NA,NA,NA,NA,NA,0,0
23,30,0,12,1,19,"y",9,83,123,17,20.5,30,NA,NA,NA,NA,NA,NA,30,0,1
23,30,0,12,1,2,"n",NA,NA,NA,NA,NA,NA,NA,NA,NA,NA,NA,NA,NA,0,0
23,30,0,12,1,20,"y",8,42,82,20,22.2,55,NA,NA,NA,NA,NA,NA,55,0,1
23,30,0,12,1,21,"y",8,79,133,25,24,140,20,23.4,65,22,23.6,85,290,0,1
23,30,0,12,1,22,"n",NA,NA,NA,NA,NA,NA,NA,NA,NA,NA,NA,NA,NA,0,0
23,30,0,12,1,23,"n",NA,NA,NA,NA,NA,NA,NA,NA,NA,NA,NA,NA,NA,0,0
23,30,0,12,1,24,"y",8,84,116,24,25.2,145,NA,NA,NA,NA,NA,NA,145,0,1
23,30,0,12,1,25,"y",7,66,103,20,23.2,75,NA,NA,NA,NA,NA,NA,75,0,1
23,30,0,12,1,26,"n",NA,NA,NA,NA,NA,NA,NA,NA,NA,NA,NA,NA,NA,0,0
23,30,0,12,1,27,"y",9,92,118,29,24.5,205,NA,NA,NA,NA,NA,NA,205,0,1
23,30,0,12,1,28,"y",9,84,135,26,26.3,210,NA,NA,NA,NA,NA,NA,210,0,1
23,30,0,12,1,29,"n",NA,NA,NA,NA,NA,NA,NA,NA,NA,NA,NA,NA,NA,0,0
23,30,0,12,1,3,"y",8,80,109,28,24.5,180,NA,NA,NA,NA,NA,NA,180,0,1
23,30,0,12,1,30,"n",NA,NA,NA,NA,NA,NA,NA,NA,NA,NA,NA,NA,NA,0,0
23,30,0,12,1,4,"y",10,66,103,31,24.5,205,NA,NA,NA,NA,NA,NA,205,0,1
23,30,0,12,1,5,"n",NA,NA,NA,NA,NA,NA,NA,NA,NA,NA,NA,NA,NA,0,0
23,30,0,12,1,6,"n",NA,NA,NA,NA,NA,NA,NA,NA,NA,NA,NA,NA,NA,0,0
23,30,0,12,1,7,"n",NA,NA,NA,NA,NA,NA,NA,NA,NA,NA,NA,NA,NA,0,0
23,30,0,12,1,8,"y",7,73,117,27,25.8,185,NA,NA,NA,NA,NA,NA,185,0,1
23,30,0,12,1,9,"n",NA,NA,NA,NA,NA,NA,NA,NA,NA,NA,NA,NA,NA,0,0
25,0,0,1,2,1,"y",7,37,74,24,25.1,145,NA,NA,NA,NA,NA,NA,145,0,1
25,0,0,1,2,10,"y",5,25,50,17,23.8,65,NA,NA,NA,NA,NA,NA,65,0,1
25,0,0,1,2,11,"y",5,14,25,NA,NA,NA,NA,NA,NA,NA,NA,NA,NA,0,1
25,0,0,1,2,12,"y",6,38,68,21,23.5,95,NA,NA,NA,NA,NA,NA,95,0,1
25,0,0,1,2,13,"y",6,30,61,15,23,40,NA,NA,NA,NA,NA,NA,40,0,1
25,0,0,1,2,14,"y",6,17,24,NA,NA,NA,NA,NA,NA,NA,NA,NA,NA,0,1
25,0,0,1,2,15,"y",6,23,56,20,23.6,85,NA,NA,NA,NA,NA,NA,85,0,1
25,0,0,1,2,16,"y",5,29,55,15,18.8,15,NA,NA,NA,NA,NA,NA,15,0,1
25,0,0,1,2,17,"y",5,20,48,NA,NA,NA,NA,NA,NA,NA,NA,NA,NA,0,1
25,0,0,1,2,18,"y",5,25,51,18,20,15,NA,NA,NA,NA,NA,NA,15,0,1
25,0,0,1,2,19,"y",5,30,62,NA,NA,NA,NA,NA,NA,NA,NA,NA,NA,0,1
25,0,0,1,2,2,"y",NA,NA,NA,NA,NA,NA,NA,NA,NA,NA,NA,NA,NA,0,1
25,0,0,1,2,20,"y",5,29,61,20,23,80,NA,NA,NA,NA,NA,NA,80,0,1
25,0,0,1,2,21,"y",6,44,73,22,24,120,NA,NA,NA,NA,NA,NA,120,0,1
25,0,0,1,2,22,"y",6,30,52,17,20,30,NA,NA,NA,NA,NA,NA,30,0,1
25,0,0,1,2,23,"y",7,36,68,18,23.8,60,NA,NA,NA,NA,NA,NA,60,0,1
25,0,0,1,2,24,"y",7,36,79,19,22.7,65,NA,NA,NA,NA,NA,NA,65,0,1
25,0,0,1,2,25,"y",5,25,51,20,17.2,10,NA,NA,NA,NA,NA,NA,10,0,1
25,0,0,1,2,26,"y",7,29,52,16,20.8,30,NA,NA,NA,NA,NA,NA,30,0,1
25,0,0,1,2,27,"y",5,25,55,17,21.8,45,NA,NA,NA,NA,NA,NA,45,0,1
25,0,0,1,2,28,"y",4,10,20,NA,NA,NA,NA,NA,NA,NA,NA,NA,NA,0,1
25,0,0,1,2,29,"y",7,26,49,16,19,15,NA,NA,NA,NA,NA,NA,15,0,1
25,0,0,1,2,3,"y",6,30,65,18,22,60,NA,NA,NA,NA,NA,NA,60,0,1
25,0,0,1,2,30,"y",5,21,41,16,22.2,35,NA,NA,NA,NA,NA,NA,35,0,1
25,0,0,1,2,4,"y",NA,NA,NA,NA,NA,NA,NA,NA,NA,NA,NA,NA,NA,0,1
25,0,0,1,2,5,"y",5,16,35,NA,NA,NA,NA,NA,NA,NA,NA,NA,NA,0,1
25,0,0,1,2,6,"y",7,26,54,18,21.3,55,NA,NA,NA,NA,NA,NA,55,0,1
25,0,0,1,2,7,"n",6,20,39,NA,NA,NA,NA,NA,NA,NA,NA,NA,NA,0,1
25,0,0,1,2,8,"y",5,24,54,NA,NA,NA,NA,NA,NA,NA,NA,NA,NA,0,1
25,0,0,1,2,9,"n",5,20,37,NA,NA,NA,NA,NA,NA,NA,NA,NA,NA,0,1
27,3,0,4,2,1,"y",7,38,80,17,17.5,15,NA,NA,NA,NA,NA,NA,15,0,1
27,3,0,4,2,10,"y",8,32,66,20,24,105,NA,NA,NA,NA,NA,NA,105,0,1
27,3,0,4,2,11,"y",8,48,89,24,22,105,NA,NA,NA,NA,NA,NA,105,0,1
27,3,0,4,2,12,"n",NA,NA,NA,NA,NA,NA,NA,NA,NA,NA,NA,NA,NA,0,0
27,3,0,4,2,13,"n",NA,NA,NA,NA,NA,NA,NA,NA,NA,NA,NA,NA,NA,0,0
27,3,0,4,2,14,"y",7,59,90,23,25,145,NA,NA,NA,NA,NA,NA,145,0,1
27,3,0,4,2,15,"y",7,32,57,16,20,30,NA,NA,NA,NA,NA,NA,30,0,1
27,3,0,4,2,16,"y",6,38,78,18,22.5,55,NA,NA,NA,NA,NA,NA,55,0,1
27,3,0,4,2,17,"y",7,32,69,NA,NA,NA,NA,NA,NA,NA,NA,NA,NA,0,1
27,3,0,4,2,18,"y",7,38,75,16,19.6,30,NA,NA,NA,NA,NA,NA,30,0,1
27,3,0,4,2,19,"y",7,38,75,18,22.3,60,NA,NA,NA,NA,NA,NA,60,0,1
27,3,0,4,2,2,"y",7,42,86,18,21,40,NA,NA,NA,NA,NA,NA,40,0,1
27,3,0,4,2,20,"y",7,37,75,18,23,65,NA,NA,NA,NA,NA,NA,65,0,1
27,3,0,4,2,21,"y",8,30,58,17,23.5,55,NA,NA,NA,NA,NA,NA,55,0,1
27,3,0,4,2,22,"y",8,42,75,18,22.5,50,NA,NA,NA,NA,NA,NA,50,0,1
27,3,0,4,2,23,"y",7,49,75,20,21.6,65,NA,NA,NA,NA,NA,NA,65,0,1
27,3,0,4,2,24,"y",8,46,82,17,20,25,NA,NA,NA,NA,NA,NA,25,0,1
27,3,0,4,2,25,"n",NA,NA,NA,NA,NA,NA,NA,NA,NA,NA,NA,NA,NA,0,0
27,3,0,4,2,26,"n",NA,NA,NA,NA,NA,NA,NA,NA,NA,NA,NA,NA,NA,0,0
27,3,0,4,2,27,"y",6,33,70,NA,NA,NA,NA,NA,NA,NA,NA,NA,NA,0,1
27,3,0,4,2,28,"y",7,35,65,18,22.9,65,NA,NA,NA,NA,NA,NA,65,0,1
27,3,0,4,2,29,"y",7,32,55,16,21.5,45,NA,NA,NA,NA,NA,NA,45,0,1
27,3,0,4,2,3,"y",7,46,87,19,21.4,50,NA,NA,NA,NA,NA,NA,50,0,1
27,3,0,4,2,30,"y",6,20,37,NA,NA,NA,NA,NA,NA,NA,NA,NA,NA,0,1
27,3,0,4,2,4,"y",8,53,94,17,24,80,NA,NA,NA,NA,NA,NA,80,0,1
27,3,0,4,2,5,"y",7,36,69,17,20,20,NA,NA,NA,NA,NA,NA,20,0,1
27,3,0,4,2,6,"y",6,27,53,NA,NA,NA,NA,NA,NA,NA,NA,NA,NA,0,1
27,3,0,4,2,7,"y",7,41,81,NA,NA,NA,NA,NA,NA,NA,NA,NA,NA,0,1
27,3,0,4,2,8,"y",8,45,82,18,22,25,NA,NA,NA,NA,NA,NA,25,0,1
27,3,0,4,2,9,"y",6,36,53,18,18,10,NA,NA,NA,NA,NA,NA,10,0,1
30,7,0,6,2,1,"y",10,70,120,24,24.3,115,NA,NA,NA,NA,NA,NA,115,0,1
30,7,0,6,2,10,"y",8,42,72,19,24.5,90,NA,NA,NA,NA,NA,NA,90,0,1
30,7,0,6,2,11,"y",7,72,118,21,23.8,105,NA,NA,NA,NA,NA,NA,105,0,1
30,7,0,6,2,12,"y",8,82,142,19,22.8,55,NA,NA,NA,NA,NA,NA,55,0,1
30,7,0,6,2,13,"n",NA,NA,NA,NA,NA,NA,NA,NA,NA,NA,NA,NA,NA,0,0
30,7,0,6,2,14,"y",7,75,122,16,24.2,55,NA,NA,NA,NA,NA,NA,55,0,1
30,7,0,6,2,15,"y",7,68,112,24,24.2,135,NA,NA,NA,NA,NA,NA,135,0,1
30,7,0,6,2,16,"y",8,74,117,20,22.7,80,NA,NA,NA,NA,NA,NA,80,0,1
30,7,0,6,2,17,"y",8,69,119,17,21.7,15,NA,NA,NA,NA,NA,NA,15,0,1
30,7,0,6,2,18,"y",7,52,81,20,25,115,NA,NA,NA,NA,NA,NA,115,0,1
30,7,0,6,2,19,"y",8,52,104,22,24,130,NA,NA,NA,NA,NA,NA,130,0,1
30,7,0,6,2,2,"y",8,60,104,21,23,85,NA,NA,NA,NA,NA,NA,85,0,1
30,7,0,6,2,20,"n",NA,NA,NA,NA,NA,NA,NA,NA,NA,NA,NA,NA,NA,0,0
30,7,0,6,2,21,"y",7,40,68,23,23.6,115,NA,NA,NA,NA,NA,NA,115,0,1
30,7,0,6,2,22,"y",7,48,100,NA,NA,NA,NA,NA,NA,NA,NA,NA,NA,0,1
30,7,0,6,2,23,"n",NA,NA,NA,NA,NA,NA,NA,NA,NA,NA,NA,NA,NA,0,0
30,7,0,6,2,24,"y",8,74,140,18,20.3,10,NA,NA,NA,NA,NA,NA,10,0,1
30,7,0,6,2,25,"y",6,50,68,17,23.6,55,NA,NA,NA,NA,NA,NA,55,0,1
30,7,0,6,2,26,"y",8,79,135,21,24.2,125,NA,NA,NA,NA,NA,NA,125,0,1
30,7,0,6,2,27,"y",8,65,110,19,25,85,NA,NA,NA,NA,NA,NA,85,0,1
30,7,0,6,2,28,"n",NA,NA,NA,NA,NA,NA,NA,NA,NA,NA,NA,NA,NA,0,0
30,7,0,6,2,29,"y",7,54,94,23,24.7,140,NA,NA,NA,NA,NA,NA,140,0,1
30,7,0,6,2,3,"y",8,55,90,21,25.5,130,NA,NA,NA,NA,NA,NA,130,0,1
30,7,0,6,2,30,"y",7,50,100,17,22.2,55,NA,NA,NA,NA,NA,NA,55,0,1
30,7,0,6,2,4,"y",8,74,130,16,21,15,15,21,30,NA,NA,NA,45,0,1
30,7,0,6,2,5,"y",6,53,95,20,25,120,NA,NA,NA,NA,NA,NA,120,0,1
30,7,0,6,2,6,"y",11,90,127,22,23.1,90,NA,NA,NA,NA,NA,NA,90,0,1
30,7,0,6,2,7,"y",9,42,77,22,23.5,125,NA,NA,NA,NA,NA,NA,125,0,1
30,7,0,6,2,8,"n",NA,NA,NA,NA,NA,NA,NA,NA,NA,NA,NA,NA,NA,0,0
30,7,0,6,2,9,"y",6,42,77,18,22,45,NA,NA,NA,NA,NA,NA,45,0,1
33,0.4,0,2,2,1,"y",5,24,50,15,19.5,10,NA,NA,NA,NA,NA,NA,10,0,1
33,0.4,0,2,2,10,"n",NA,NA,NA,NA,NA,NA,NA,NA,NA,NA,NA,NA,NA,0,0
33,0.4,0,2,2,11,"y",6,23,50,14,22.2,20,NA,NA,NA,NA,NA,NA,20,0,1
33,0.4,0,2,2,12,"n",NA,NA,NA,NA,NA,NA,NA,NA,NA,NA,NA,NA,NA,0,0
33,0.4,0,2,2,13,"y",7,24,50,18,20.6,30,NA,NA,NA,NA,NA,NA,30,0,1
33,0.4,0,2,2,14,"y",NA,NA,NA,NA,NA,NA,NA,NA,NA,NA,NA,NA,NA,0,1
33,0.4,0,2,2,15,"y",5,17,38,NA,NA,NA,NA,NA,NA,NA,NA,NA,NA,0,1
33,0.4,0,2,2,16,"y",4,18,39,NA,NA,NA,NA,NA,NA,NA,NA,NA,NA,0,1
33,0.4,0,2,2,17,"y",4,14,30,NA,NA,NA,NA,NA,NA,NA,NA,NA,NA,0,1
33,0.4,0,2,2,18,"y",4,19,35,16,18,15,NA,NA,NA,NA,NA,NA,15,0,1
33,0.4,0,2,2,19,"y",5,20,36,NA,NA,NA,NA,NA,NA,NA,NA,NA,NA,0,1
33,0.4,0,2,2,2,"y",5,18,46,17,21.8,65,NA,NA,NA,NA,NA,NA,65,0,1
33,0.4,0,2,2,20,"y",5,15,42,NA,NA,NA,NA,NA,NA,NA,NA,NA,NA,0,1
33,0.4,0,2,2,21,"n",NA,NA,NA,NA,NA,NA,NA,NA,NA,NA,NA,NA,NA,0,0
33,0.4,0,2,2,22,"y",5,26,48,NA,NA,NA,NA,NA,NA,NA,NA,NA,NA,0,1
33,0.4,0,2,2,23,"y",5,20,41,NA,NA,NA,NA,NA,NA,NA,NA,NA,NA,0,1
33,0.4,0,2,2,24,"y",5,28,51,NA,NA,NA,NA,NA,NA,NA,NA,NA,NA,0,1
33,0.4,0,2,2,25,"y",7,25,55,NA,NA,NA,NA,NA,NA,NA,NA,NA,NA,0,1
33,0.4,0,2,2,26,"y",4,19,42,15,18,10,NA,NA,NA,NA,NA,NA,10,0,1
33,0.4,0,2,2,27,"y",5,26,50,16,21.5,45,NA,NA,NA,NA,NA,NA,45,0,1
33,0.4,0,2,2,28,"y",7,30,57,NA,NA,NA,NA,NA,NA,NA,NA,NA,NA,0,1
33,0.4,0,2,2,29,"y",6,34,70,NA,NA,NA,NA,NA,NA,NA,NA,NA,NA,0,1
33,0.4,0,2,2,3,"y",4,20,43,NA,NA,NA,NA,NA,NA,NA,NA,NA,NA,0,1
33,0.4,0,2,2,30,"y",6,19,43,NA,NA,NA,NA,NA,NA,NA,NA,NA,NA,0,1
33,0.4,0,2,2,4,"y",3,15,28,NA,NA,NA,NA,NA,NA,NA,NA,NA,NA,0,1
33,0.4,0,2,2,5,"y",5,20,39,NA,NA,NA,NA,NA,NA,NA,NA,NA,NA,0,1
33,0.4,0,2,2,6,"y",5,12,37,NA,NA,NA,NA,NA,NA,NA,NA,NA,NA,0,1
33,0.4,0,2,2,7,"y",5,15,37,NA,NA,NA,NA,NA,NA,NA,NA,NA,NA,0,1
33,0.4,0,2,2,8,"y",5,15,38,NA,NA,NA,NA,NA,NA,NA,NA,NA,NA,0,1
33,0.4,0,2,2,9,"y",5,25,55,NA,NA,NA,NA,NA,NA,NA,NA,NA,NA,0,1
35,15,0,10,2,1,"y",7,69,117,29,25.8,245,NA,NA,NA,NA,NA,NA,245,0,1
35,15,0,10,2,10,"y",8,40,70,18,23.2,60,NA,NA,NA,NA,NA,NA,60,0,1
35,15,0,10,2,11,"y",10,107,148,26,26,190,NA,NA,NA,NA,NA,NA,190,0,1
35,15,0,10,2,12,"y",8,93,132,19,24,70,NA,NA,NA,NA,NA,NA,70,0,1
35,15,0,10,2,13,"y",8,80,126,22,22.6,75,15,19,15,NA,NA,NA,90,0,1
35,15,0,10,2,14,"y",9,77,129,21,25.8,125,NA,NA,NA,NA,NA,NA,125,0,1
35,15,0,10,2,15,"y",7,82,106,22,23.5,90,NA,NA,NA,NA,NA,NA,90,0,1
35,15,0,10,2,16,"y",8,87,112,19,26,125,NA,NA,NA,NA,NA,NA,125,0,1
35,15,0,10,2,17,"y",6,66,93,28,24.8,130,NA,NA,NA,NA,NA,NA,130,0,1
35,15,0,10,2,18,"y",9,81,105,20,22.5,60,NA,NA,NA,NA,NA,NA,60,0,1
35,15,0,10,2,19,"y",9,94,124,21,25.5,130,NA,NA,NA,NA,NA,NA,130,0,1
35,15,0,10,2,2,"y",11,111,150,20,23.3,80,NA,NA,NA,NA,NA,NA,80,0,1
35,15,0,10,2,20,"y",7,56,68,14,19,10,NA,NA,NA,NA,NA,NA,10,0,1
35,15,0,10,2,21,"y",7,60,105,24,24.4,180,NA,NA,NA,NA,NA,NA,180,0,1
35,15,0,10,2,22,"y",6,57,84,23,24.7,155,NA,NA,NA,NA,NA,NA,155,0,1
35,15,0,10,2,23,"y",7,81,115,27,24.5,180,NA,NA,NA,NA,NA,NA,180,0,1
35,15,0,10,2,24,"y",8,65,95,21,23,90,NA,NA,NA,NA,NA,NA,90,0,1
35,15,0,10,2,25,"y",8,70,99,29,23,105,NA,NA,NA,NA,NA,NA,105,0,1
35,15,0,10,2,26,"y",10,92,120,21,24.1,105,NA,NA,NA,NA,NA,NA,105,0,1
35,15,0,10,2,27,"y",7,57,86,23,23.3,135,NA,NA,NA,NA,NA,NA,135,0,1
35,15,0,10,2,28,"y",6,58,92,21,24.4,115,NA,NA,NA,NA,NA,NA,115,0,1
35,15,0,10,2,29,"y",8,93,124,26,25.6,200,NA,NA,NA,NA,NA,NA,200,0,1
35,15,0,10,2,3,"y",9,85,125,25,26.4,190,NA,NA,NA,NA,NA,NA,190,0,1
35,15,0,10,2,30,"y",6,40,63,19,23.2,45,NA,NA,NA,NA,NA,NA,45,0,1
35,15,0,10,2,4,"y",9,68,106,21,23.2,100,NA,NA,NA,NA,NA,NA,100,0,1
35,15,0,10,2,5,"y",9,78,122,23,25,155,NA,NA,NA,NA,NA,NA,155,0,1
35,15,0,10,2,6,"y",12,99,135,24,25,160,NA,NA,NA,NA,NA,NA,160,0,1
35,15,0,10,2,7,"y",10,100,144,25,23.5,120,NA,NA,NA,NA,NA,NA,120,0,1
35,15,0,10,2,8,"y",8,63,110,19,25.5,85,NA,NA,NA,NA,NA,NA,85,0,1
35,15,0,10,2,9,"y",9,100,140,26,24.6,180,NA,NA,NA,NA,NA,NA,180,0,1
37,30,0,12,2,1,"y",9,85,124,25,25.3,160,NA,NA,NA,NA,NA,NA,160,0,1
37,30,0,12,2,10,"y",7,22,36,19,23,80,17,22,35,NA,NA,NA,115,0,1
37,30,0,12,2,11,"y",9,89,149,18,21.3,35,16,24,40,NA,NA,NA,90,0,1
37,30,0,12,2,12,"y",10,119,198,17,24,65,16,20.5,35,NA,NA,NA,100,0,1
37,30,0,12,2,13,"y",12,115,178,26,23.2,125,NA,NA,NA,NA,NA,NA,125,0,1
37,30,0,12,2,14,"y",9,99,149,25,25,185,NA,NA,NA,NA,NA,NA,185,0,1
37,30,0,12,2,15,"y",7,58,104,25,24.7,180,NA,NA,NA,NA,NA,NA,180,0,1
37,30,0,12,2,16,"n",NA,NA,NA,NA,NA,NA,NA,NA,NA,NA,NA,NA,NA,0,0
37,30,0,12,2,17,"n",NA,NA,NA,NA,NA,NA,NA,NA,NA,NA,NA,NA,NA,0,0
37,30,0,12,2,18,"y",10,91,144,18,22.5,55,NA,NA,NA,NA,NA,NA,55,0,1
37,30,0,12,2,19,"y",9,81,138,28,25.4,185,NA,NA,NA,NA,NA,NA,185,0,1
37,30,0,12,2,2,"y",8,66,100,21,22.6,95,18,22.8,60,19,22,55,210,0,1
37,30,0,12,2,20,"y",9,61,120,28,24.7,205,NA,NA,NA,NA,NA,NA,205,0,1
37,30,0,12,2,21,"y",9,81,178,27,25.8,245,NA,NA,NA,NA,NA,NA,245,0,1
37,30,0,12,2,22,"n",NA,NA,NA,NA,NA,NA,NA,NA,NA,NA,NA,NA,NA,0,0
37,30,0,12,2,23,"y",10,128,178,22,24,110,23,25,145,NA,NA,NA,255,0,1
37,30,0,12,2,24,"y",9,48,150,29,23,130,19,24.3,75,NA,NA,NA,205,0,1
37,30,0,12,2,25,"y",10,108,188,28,23.2,150,NA,NA,NA,NA,NA,NA,150,0,1
37,30,0,12,2,26,"y",7,73,145,20,25.7,125,18,21,45,NA,NA,NA,170,0,1
37,30,0,12,2,27,"y",7,64,108,25,25.3,180,NA,NA,NA,NA,NA,NA,180,0,1
37,30,0,12,2,28,"y",10,84,170,24,24.5,115,NA,NA,NA,NA,NA,NA,115,0,1
37,30,0,12,2,29,"y",8,61,133,21,23.2,90,NA,NA,NA,NA,NA,NA,90,0,1
37,30,0,12,2,3,"y",7,29,50,NA,NA,NA,NA,NA,NA,NA,NA,NA,NA,0,1
37,30,0,12,2,30,"y",8,75,127,25,24.7,180,NA,NA,NA,NA,NA,NA,180,0,1
37,30,0,12,2,4,"y",9,99,153,25,25.2,160,NA,NA,NA,NA,NA,NA,160,0,1
37,30,0,12,2,5,"y",8,100,164,24,24,135,NA,NA,NA,NA,NA,NA,135,0,1
37,30,0,12,2,6,"y",11,120,183,26,23.2,130,NA,NA,NA,NA,NA,NA,130,0,1
37,30,0,12,2,7,"y",9,109,175,28,23.6,160,NA,NA,NA,NA,NA,NA,160,0,1
37,30,0,12,2,8,"y",8,86,142,26,25.5,210,22,22.5,90,NA,NA,NA,300,0,1
37,30,0,12,2,9,"y",8,52,98,27,24.8,170,NA,NA,NA,NA,NA,NA,170,0,1
38,11,0,8,2,1,"y",5,17,39,12,20.5,15,NA,NA,NA,NA,NA,NA,15,0,1
38,11,0,8,2,10,"y",6,15,31,15,21.3,30,NA,NA,NA,NA,NA,NA,30,0,1
38,11,0,8,2,11,"n",NA,NA,NA,NA,NA,NA,NA,NA,NA,NA,NA,NA,NA,0,0
38,11,0,8,2,12,"y",5,14,24,15,20,20,NA,NA,NA,NA,NA,NA,20,0,1
38,11,0,8,2,13,"y",5,18,39,NA,NA,NA,NA,NA,NA,NA,NA,NA,NA,0,1
38,11,0,8,2,14,"y",4,11,17,14,21,20,NA,NA,NA,NA,NA,NA,20,0,1
38,11,0,8,2,15,"y",7,21,46,NA,NA,NA,NA,NA,NA,NA,NA,NA,NA,0,1
38,11,0,8,2,16,"y",6,25,47,21,19.8,30,NA,NA,NA,NA,NA,NA,30,0,1
38,11,0,8,2,17,"y",6,19,42,NA,NA,NA,NA,NA,NA,NA,NA,NA,NA,0,1
38,11,0,8,2,18,"y",7,27,34,13,19,10,NA,NA,NA,NA,NA,NA,10,0,1
38,11,0,8,2,19,"y",7,31,54,NA,NA,NA,NA,NA,NA,NA,NA,NA,NA,0,1
38,11,0,8,2,2,"y",6,22,48,15,18,15,NA,NA,NA,NA,NA,NA,15,0,1
38,11,0,8,2,20,"y",6,23,44,19,21,50,NA,NA,NA,NA,NA,NA,50,0,1
38,11,0,8,2,21,"y",6,17,39,NA,NA,NA,NA,NA,NA,NA,NA,NA,NA,0,1
38,11,0,8,2,22,"y",7,7,29,NA,NA,NA,NA,NA,NA,NA,NA,NA,NA,0,1
38,11,0,8,2,23,"y",6,17,39,NA,NA,NA,NA,NA,NA,NA,NA,NA,NA,0,1
38,11,0,8,2,24,"y",5,16,36,NA,NA,NA,NA,NA,NA,NA,NA,NA,NA,0,1
38,11,0,8,2,25,"y",5,9,20,NA,NA,NA,NA,NA,NA,NA,NA,NA,NA,0,1
38,11,0,8,2,26,"y",5,14,36,NA,NA,NA,NA,NA,NA,NA,NA,NA,NA,0,1
38,11,0,8,2,27,"y",NA,NA,NA,NA,NA,NA,NA,NA,NA,NA,NA,NA,NA,0,1
38,11,0,8,2,28,"y",6,16,43,NA,NA,NA,NA,NA,NA,NA,NA,NA,NA,0,1
38,11,0,8,2,29,"y",6,20,46,NA,NA,NA,NA,NA,NA,NA,NA,NA,NA,0,1
38,11,0,8,2,3,"y",6,19,50,NA,NA,NA,NA,NA,NA,NA,NA,NA,NA,0,1
38,11,0,8,2,30,"y",NA,NA,NA,NA,NA,NA,NA,NA,NA,NA,NA,NA,NA,0,1
38,11,0,8,2,4,"y",5,15,38,NA,NA,NA,NA,NA,NA,NA,NA,NA,NA,0,1
38,11,0,8,2,5,"y",7,22,46,16,19,10,NA,NA,NA,NA,NA,NA,10,0,1
38,11,0,8,2,6,"y",6,21,38,22,20,30,NA,NA,NA,NA,NA,NA,30,0,1
38,11,0,8,2,7,"y",5,21,42,NA,NA,NA,NA,NA,NA,NA,NA,NA,NA,0,1
38,11,0,8,2,8,"y",6,23,40,14,21.5,25,NA,NA,NA,NA,NA,NA,25,0,1
38,11,0,8,2,9,"y",5,18,33,NA,NA,NA,NA,NA,NA,NA,NA,NA,NA,0,1
39,9,0,7,2,1,"y",6,19,45,NA,NA,NA,NA,NA,NA,NA,NA,NA,NA,0,1
39,9,0,7,2,10,"y",8,29,62,NA,NA,NA,NA,NA,NA,NA,NA,NA,NA,0,1
39,9,0,7,2,11,"y",5,9,26,NA,NA,NA,NA,NA,NA,NA,NA,NA,NA,0,1
39,9,0,7,2,12,"y",5,16,33,NA,NA,NA,NA,NA,NA,NA,NA,NA,NA,0,1
39,9,0,7,2,13,"y",5,22,36,18,20,25,NA,NA,NA,NA,NA,NA,25,0,1
39,9,0,7,2,14,"y",6,35,64,16,23.2,55,NA,NA,NA,NA,NA,NA,55,0,1
39,9,0,7,2,15,"y",6,24,51,NA,NA,NA,NA,NA,NA,NA,NA,NA,NA,0,1
39,9,0,7,2,16,"y",7,30,59,13,18.5,15,NA,NA,NA,NA,NA,NA,15,0,1
39,9,0,7,2,17,"y",6,30,71,14,19,15,NA,NA,NA,NA,NA,NA,15,0,1
39,9,0,7,2,18,"y",6,33,73,18,22.6,75,NA,NA,NA,NA,NA,NA,75,0,1
39,9,0,7,2,19,"y",6,25,70,19,21.7,40,NA,NA,NA,NA,NA,NA,40,0,1
39,9,0,7,2,2,"y",6,21,34,NA,NA,NA,NA,NA,NA,NA,NA,NA,NA,0,1
39,9,0,7,2,20,"n",NA,NA,NA,NA,NA,NA,NA,NA,NA,NA,NA,NA,NA,0,0
39,9,0,7,2,21,"y",6,15,26,15,19,15,NA,NA,NA,NA,NA,NA,15,0,1
39,9,0,7,2,22,"n",NA,NA,NA,NA,NA,NA,NA,NA,NA,NA,NA,NA,NA,0,0
39,9,0,7,2,23,"y",5,17,36,19,23.8,85,NA,NA,NA,NA,NA,NA,85,0,1
39,9,0,7,2,24,"y",6,22,48,16,22,45,15,18.3,5,NA,NA,NA,50,0,1
39,9,0,7,2,25,"y",4,15,29,NA,NA,NA,NA,NA,NA,NA,NA,NA,NA,0,1
39,9,0,7,2,26,"y",5,20,36,NA,NA,NA,NA,NA,NA,NA,NA,NA,NA,0,1
39,9,0,7,2,27,"y",5,12,29,NA,NA,NA,NA,NA,NA,NA,NA,NA,NA,0,1
39,9,0,7,2,28,"y",6,21,35,NA,NA,NA,NA,NA,NA,NA,NA,NA,NA,0,1
39,9,0,7,2,29,"y",6,19,45,NA,NA,NA,NA,NA,NA,NA,NA,NA,NA,0,1
39,9,0,7,2,3,"n",NA,NA,NA,NA,NA,NA,NA,NA,NA,NA,NA,NA,NA,0,0
39,9,0,7,2,30,"y",5,15,32,NA,NA,NA,NA,NA,NA,NA,NA,NA,NA,0,1
39,9,0,7,2,4,"y",4,17,41,13,21,15,NA,NA,NA,NA,NA,NA,15,0,1
39,9,0,7,2,5,"y",6,26,35,NA,NA,NA,NA,NA,NA,NA,NA,NA,NA,0,1
39,9,0,7,2,6,"y",5,17,33,NA,NA,NA,NA,NA,NA,NA,NA,NA,NA,0,1
39,9,0,7,2,7,"y",NA,NA,NA,NA,NA,NA,NA,NA,NA,NA,NA,NA,NA,0,1
39,9,0,7,2,8,"y",6,35,66,19,21.2,40,NA,NA,NA,NA,NA,NA,40,0,1
39,9,0,7,2,9,"y",6,34,63,NA,NA,NA,NA,NA,NA,NA,NA,NA,NA,0,1
40,5,0,5,2,1,"y",8,46,93,17,23.3,45,NA,NA,NA,NA,NA,NA,45,0,1
40,5,0,5,2,10,"y",7,34,69,NA,NA,NA,NA,NA,NA,NA,NA,NA,NA,0,1
40,5,0,5,2,11,"y",7,50,76,NA,NA,NA,NA,NA,NA,NA,NA,NA,NA,0,1
40,5,0,5,2,12,"y",7,57,104,17,21.8,45,NA,NA,NA,NA,NA,NA,45,0,1
40,5,0,5,2,13,"y",8,49,90,18,20.8,40,NA,NA,NA,NA,NA,NA,40,0,1
40,5,0,5,2,14,"y",8,46,86,17,22,35,NA,NA,NA,NA,NA,NA,35,0,1
40,5,0,5,2,15,"y",7,39,80,NA,NA,NA,NA,NA,NA,NA,NA,NA,NA,0,1
40,5,0,5,2,16,"y",6,41,82,18,21.7,55,NA,NA,NA,NA,NA,NA,55,0,1
40,5,0,5,2,17,"y",7,51,97,17,20.2,35,NA,NA,NA,NA,NA,NA,35,0,1
40,5,0,5,2,18,"y",7,55,104,NA,NA,NA,NA,NA,NA,NA,NA,NA,NA,0,1
40,5,0,5,2,19,"y",8,66,103,21,23.7,105,NA,NA,NA,NA,NA,NA,105,0,1
40,5,0,5,2,2,"y",7,53,81,22,21.5,55,NA,NA,NA,NA,NA,NA,55,0,1
40,5,0,5,2,20,"y",5,30,75,18,22.9,70,NA,NA,NA,NA,NA,NA,70,0,1
40,5,0,5,2,21,"y",8,49,84,20,22.5,80,NA,NA,NA,NA,NA,NA,80,0,1
40,5,0,5,2,22,"y",7,55,105,16,19.5,25,NA,NA,NA,NA,NA,NA,25,0,1
40,5,0,5,2,23,"y",6,42,91,21,22,75,NA,NA,NA,NA,NA,NA,75,0,1
40,5,0,5,2,24,"y",8,64,112,18,22.8,70,NA,NA,NA,NA,NA,NA,70,0,1
40,5,0,5,2,25,"y",8,70,108,17,20.8,40,NA,NA,NA,NA,NA,NA,40,0,1
40,5,0,5,2,26,"y",8,58,76,22,23,110,NA,NA,NA,NA,NA,NA,110,0,1
40,5,0,5,2,27,"n",NA,NA,NA,NA,NA,NA,NA,NA,NA,NA,NA,NA,NA,0,0
40,5,0,5,2,28,"y",8,63,107,17,23.7,60,NA,NA,NA,NA,NA,NA,60,0,1
40,5,0,5,2,29,"y",7,44,87,NA,NA,NA,NA,NA,NA,NA,NA,NA,NA,0,1
40,5,0,5,2,3,"y",9,55,83,21,21.7,45,NA,NA,NA,NA,NA,NA,45,0,1
40,5,0,5,2,30,"y",7,34,66,19,25,110,NA,NA,NA,NA,NA,NA,110,0,1
40,5,0,5,2,4,"y",7,84,122,18,21.7,45,NA,NA,NA,NA,NA,NA,45,0,1
40,5,0,5,2,5,"y",7,48,100,18,21,45,NA,NA,NA,NA,NA,NA,45,0,1
40,5,0,5,2,6,"y",5,30,63,NA,NA,NA,NA,NA,NA,NA,NA,NA,NA,0,1
40,5,0,5,2,7,"y",7,42,86,17,22.5,55,NA,NA,NA,NA,NA,NA,55,0,1
40,5,0,5,2,8,"y",4,11,20,NA,NA,NA,NA,NA,NA,NA,NA,NA,NA,0,1
40,5,0,5,2,9,"y",7,50,88,20,22,65,NA,NA,NA,NA,NA,NA,65,0,1
41,0.8,0,3,2,1,"y",6,26,51,NA,NA,NA,NA,NA,NA,NA,NA,NA,NA,0,1
41,0.8,0,3,2,10,"y",5,24,35,16,22.3,45,NA,NA,NA,NA,NA,NA,45,0,1
41,0.8,0,3,2,11,"y",5,22,44,NA,NA,NA,NA,NA,NA,NA,NA,NA,NA,0,1
41,0.8,0,3,2,12,"y",7,26,54,14,23,35,NA,NA,NA,NA,NA,NA,35,0,1
41,0.8,0,3,2,13,"y",6,48,67,17,22.7,60,NA,NA,NA,NA,NA,NA,60,0,1
41,0.8,0,3,2,14,"y",8,24,37,18,22.5,65,17,18.7,20,NA,NA,NA,85,0,1
41,0.8,0,3,2,15,"y",6,28,53,18,23.6,75,16,20.5,20,NA,NA,NA,95,0,1
41,0.8,0,3,2,16,"y",6,28,52,NA,NA,NA,NA,NA,NA,NA,NA,NA,NA,0,1
41,0.8,0,3,2,17,"y",6,33,73,17,24.2,75,NA,NA,NA,NA,NA,NA,75,0,1
41,0.8,0,3,2,18,"y",6,35,66,NA,NA,NA,NA,NA,NA,NA,NA,NA,NA,0,1
41,0.8,0,3,2,19,"y",6,26,62,NA,NA,NA,NA,NA,NA,NA,NA,NA,NA,0,1
41,0.8,0,3,2,2,"y",6,38,71,NA,NA,NA,NA,NA,NA,NA,NA,NA,NA,0,1
41,0.8,0,3,2,20,"y",5,32,65,15,24.5,45,NA,NA,NA,NA,NA,NA,45,0,1
41,0.8,0,3,2,21,"y",NA,NA,NA,NA,NA,NA,NA,NA,NA,NA,NA,NA,NA,0,1
41,0.8,0,3,2,22,"y",5,19,40,19,21.7,55,14,19.7,15,NA,NA,NA,70,0,1
41,0.8,0,3,2,23,"y",6,38,63,NA,NA,NA,NA,NA,NA,NA,NA,NA,NA,0,1
41,0.8,0,3,2,24,"y",NA,NA,NA,NA,NA,NA,NA,NA,NA,NA,NA,NA,NA,0,1
41,0.8,0,3,2,25,"y",5,18,36,16,21,20,NA,NA,NA,NA,NA,NA,20,0,1
41,0.8,0,3,2,26,"y",6,36,75,15,25.3,55,NA,NA,NA,NA,NA,NA,55,0,1
41,0.8,0,3,2,27,"y",6,24,52,NA,NA,NA,NA,NA,NA,NA,NA,NA,NA,0,1
41,0.8,0,3,2,28,"n",NA,NA,NA,NA,NA,NA,NA,NA,NA,NA,NA,NA,NA,0,0
41,0.8,0,3,2,29,"y",5,29,53,18,23.7,90,NA,NA,NA,NA,NA,NA,90,0,1
41,0.8,0,3,2,3,"y",5,22,50,NA,NA,NA,NA,NA,NA,NA,NA,NA,NA,0,1
41,0.8,0,3,2,30,"n",NA,NA,NA,NA,NA,NA,NA,NA,NA,NA,NA,NA,NA,0,0
41,0.8,0,3,2,4,"y",5,21,48,15,20.7,20,NA,NA,NA,NA,NA,NA,20,0,1
41,0.8,0,3,2,5,"y",6,21,40,17,21.8,35,NA,NA,NA,NA,NA,NA,35,0,1
41,0.8,0,3,2,6,"y",6,24,53,NA,NA,NA,NA,NA,NA,NA,NA,NA,NA,0,1
41,0.8,0,3,2,7,"y",5,26,56,NA,NA,NA,NA,NA,NA,NA,NA,NA,NA,0,1
41,0.8,0,3,2,8,"y",6,22,39,NA,NA,NA,NA,NA,NA,NA,NA,NA,NA,0,1
41,0.8,0,3,2,9,"y",6,21,42,20,23.3,85,NA,NA,NA,NA,NA,NA,85,0,1
46,20,0,11,2,1,"y",9,80,133,27,26.5,215,NA,NA,NA,NA,NA,NA,215,0,1
46,20,0,11,2,10,"y",8,67,199,20,25,115,NA,NA,NA,NA,NA,NA,115,0,1
46,20,0,11,2,11,"y",7,54,106,22,24.2,135,NA,NA,NA,NA,NA,NA,135,0,1
46,20,0,11,2,12,"y",8,72,115,21,25,150,NA,NA,NA,NA,NA,NA,150,0,1
46,20,0,11,2,13,"y",8,95,148,26,25,190,NA,NA,NA,NA,NA,NA,190,0,1
46,20,0,11,2,14,"y",8,71,123,22,24.2,125,NA,NA,NA,NA,NA,NA,125,0,1
46,20,0,11,2,15,"y",9,92,152,25,24.2,135,NA,NA,NA,NA,NA,NA,135,0,1
46,20,0,11,2,16,"y",9,99,150,26,24.8,155,NA,NA,NA,NA,NA,NA,155,0,1
46,20,0,11,2,17,"y",9,86,152,14,20.8,15,NA,NA,NA,NA,NA,NA,15,0,1
46,20,0,11,2,18,"y",11,122,163,25,27,230,NA,NA,NA,NA,NA,NA,230,0,1
46,20,0,11,2,19,"y",9,83,127,27,23.4,135,NA,NA,NA,NA,NA,NA,135,0,1
46,20,0,11,2,2,"y",9,99,137,27,25,200,NA,NA,NA,NA,NA,NA,200,0,1
46,20,0,11,2,20,"y",8,76,119,22,25,125,NA,NA,NA,NA,NA,NA,125,0,1
46,20,0,11,2,21,"y",7,69,124,22,25,160,NA,NA,NA,NA,NA,NA,160,0,1
46,20,0,11,2,22,"y",7,50,97,19,22.5,75,NA,NA,NA,NA,NA,NA,75,0,1
46,20,0,11,2,23,"y",9,92,137,25,25,185,NA,NA,NA,NA,NA,NA,185,0,1
46,20,0,11,2,24,"y",11,123,170,20,22.8,75,15,21.5,20,NA,NA,NA,95,0,1
46,20,0,11,2,25,"y",9,90,126,24,26.5,175,NA,NA,NA,NA,NA,NA,175,0,1
46,20,0,11,2,26,"y",10,127,182,27,25.3,205,NA,NA,NA,NA,NA,NA,205,0,1
46,20,0,11,2,27,"y",8,78,122,21,25,125,NA,NA,NA,NA,NA,NA,125,0,1
46,20,0,11,2,28,"y",9,90,135,22,25.3,145,NA,NA,NA,NA,NA,NA,145,0,1
46,20,0,11,2,29,"y",7,71,116,15,19.2,10,14,19.6,15,NA,NA,NA,25,0,1
46,20,0,11,2,3,"n",NA,NA,NA,NA,NA,NA,NA,NA,NA,NA,NA,NA,NA,0,0
46,20,0,11,2,30,"y",9,69,132,24,24.7,170,NA,NA,NA,NA,NA,NA,170,0,1
46,20,0,11,2,4,"y",9,100,137,26,25.6,180,NA,NA,NA,NA,NA,NA,180,0,1
46,20,0,11,2,5,"y",10,99,131,25,23.9,120,NA,NA,NA,NA,NA,NA,120,0,1
46,20,0,11,2,6,"y",7,75,105,24,25.8,175,NA,NA,NA,NA,NA,NA,175,0,1
46,20,0,11,2,7,"y",9,88,131,32,25,190,NA,NA,NA,NA,NA,NA,190,0,1
46,20,0,11,2,8,"y",9,98,169,29,24.4,185,NA,NA,NA,NA,NA,NA,185,0,1
46,20,0,11,2,9,"y",9,79,125,24,23.6,115,NA,NA,NA,NA,NA,NA,115,0,1
48,13,0,9,2,1,"y",6,49,89,21,23.5,100,NA,NA,NA,NA,NA,NA,100,0,1
48,13,0,9,2,10,"y",10,94,146,27,26,210,NA,NA,NA,NA,NA,NA,210,0,1
48,13,0,9,2,11,"n",NA,NA,NA,NA,NA,NA,NA,NA,NA,NA,NA,NA,NA,0,0
48,13,0,9,2,12,"y",10,105,152,20,24.3,100,26,20,40,NA,NA,NA,140,0,1
48,13,0,9,2,13,"y",9,94,141,21,26,160,NA,NA,NA,NA,NA,NA,160,0,1
48,13,0,9,2,14,"y",9,82,126,21,23.7,100,NA,NA,NA,NA,NA,NA,100,0,1
48,13,0,9,2,15,"y",9,105,155,25,25,165,NA,NA,NA,NA,NA,NA,165,0,1
48,13,0,9,2,16,"y",8,81,133,23,23.6,115,NA,NA,NA,NA,NA,NA,115,0,1
48,13,0,9,2,17,"y",9,83,130,27,23,160,NA,NA,NA,NA,NA,NA,160,0,1
48,13,0,9,2,18,"y",8,63,116,24,24.5,150,NA,NA,NA,NA,NA,NA,150,0,1
48,13,0,9,2,19,"y",9,84,122,17,23,60,NA,NA,NA,NA,NA,NA,60,0,1
48,13,0,9,2,2,"y",9,104,152,24,24.5,145,19,19,25,NA,NA,NA,170,0,1
48,13,0,9,2,20,"n",NA,NA,NA,NA,NA,NA,NA,NA,NA,NA,NA,NA,NA,0,0
48,13,0,9,2,21,"y",10,100,160,24,26.5,165,NA,NA,NA,NA,NA,NA,165,0,1
48,13,0,9,2,22,"y",6,36,74,NA,NA,NA,NA,NA,NA,NA,NA,NA,NA,0,1
48,13,0,9,2,23,"n",NA,NA,NA,NA,NA,NA,NA,NA,NA,NA,NA,NA,NA,0,0
48,13,0,9,2,24,"y",9,90,170,27,24.5,190,NA,NA,NA,NA,NA,NA,190,0,1
48,13,0,9,2,25,"y",11,109,170,27,23.5,145,NA,NA,NA,NA,NA,NA,145,0,1
48,13,0,9,2,26,"y",9,80,118,23,25.3,165,NA,NA,NA,NA,NA,NA,165,0,1
48,13,0,9,2,27,"y",NA,NA,NA,NA,NA,NA,NA,NA,NA,NA,NA,NA,NA,0,1
48,13,0,9,2,28,"y",9,86,150,27,25.6,160,NA,NA,NA,NA,NA,NA,160,0,1
48,13,0,9,2,29,"y",10,96,143,23,25.5,170,NA,NA,NA,NA,NA,NA,170,0,1
48,13,0,9,2,3,"n",NA,NA,NA,NA,NA,NA,NA,NA,NA,NA,NA,NA,NA,0,0
48,13,0,9,2,30,"y",8,63,98,24,23.8,95,NA,NA,NA,NA,NA,NA,95,0,1
48,13,0,9,2,4,"y",8,86,137,27,26.5,210,NA,NA,NA,NA,NA,NA,210,0,1
48,13,0,9,2,5,"y",NA,NA,NA,NA,NA,NA,NA,NA,NA,NA,NA,NA,NA,0,1
48,13,0,9,2,6,"y",9,82,126,24,25,160,NA,NA,NA,NA,NA,NA,160,0,1
48,13,0,9,2,7,"y",9,86,150,24,25.5,155,NA,NA,NA,NA,NA,NA,155,0,1
48,13,0,9,2,8,"y",9,84,152,26,25,155,NA,NA,NA,NA,NA,NA,155,0,1
48,13,0,9,2,9,"y",8,75,111,21,22.7,95,NA,NA,NA,NA,NA,NA,95,0,1
49,9,0,7,3,1,"y",8,64,107,21,23.3,100,NA,NA,NA,NA,NA,NA,100,0,1
49,9,0,7,3,10,"y",8,52,81,16,22,30,NA,NA,NA,NA,NA,NA,30,0,1
49,9,0,7,3,11,"y",9,73,134,24,21.5,65,NA,NA,NA,NA,NA,NA,65,0,1
49,9,0,7,3,12,"y",9,105,170,23,22.8,105,NA,NA,NA,NA,NA,NA,105,0,1
49,9,0,7,3,13,"y",9,62,117,17,19.3,25,NA,NA,NA,NA,NA,NA,25,0,1
49,9,0,7,3,14,"y",9,75,132,21,23,100,NA,NA,NA,NA,NA,NA,100,0,1
49,9,0,7,3,15,"y",8,80,136,21,23.5,90,NA,NA,NA,NA,NA,NA,90,0,1
49,9,0,7,3,16,"y",9,76,120,25,24.2,165,NA,NA,NA,NA,NA,NA,165,0,1
49,9,0,7,3,17,"y",5,20,40,NA,NA,NA,NA,NA,NA,NA,NA,NA,NA,0,1
49,9,0,7,3,18,"y",8,80,135,NA,NA,NA,NA,NA,NA,NA,NA,NA,NA,0,1
49,9,0,7,3,19,"y",9,75,130,22,22.5,80,NA,NA,NA,NA,NA,NA,80,0,1
49,9,0,7,3,2,"y",10,97,124,21,24.6,120,NA,NA,NA,NA,NA,NA,120,0,1
49,9,0,7,3,20,"y",7,31,66,17,22.2,35,NA,NA,NA,NA,NA,NA,35,0,1
49,9,0,7,3,21,"y",9,80,140,24,25.5,175,NA,NA,NA,NA,NA,NA,175,0,1
49,9,0,7,3,22,"y",10,90,139,18,24.8,70,NA,NA,NA,NA,NA,NA,70,0,1
49,9,0,7,3,23,"y",7,42,77,21,24,80,NA,NA,NA,NA,NA,NA,80,0,1
49,9,0,7,3,24,"y",9,95,170,15,19.9,10,NA,NA,NA,NA,NA,NA,10,0,1
49,9,0,7,3,25,"y",8,32,135,19,23.9,80,NA,NA,NA,NA,NA,NA,80,0,1
49,9,0,7,3,26,"y",11,130,180,21,24.4,100,NA,NA,NA,NA,NA,NA,100,0,1
49,9,0,7,3,27,"y",8,74,130,20,22,55,NA,NA,NA,NA,NA,NA,55,0,1
49,9,0,7,3,28,"y",8,84,132,19,23.8,85,NA,NA,NA,NA,NA,NA,85,0,1
49,9,0,7,3,29,"y",9,85,136,19,23.3,75,NA,NA,NA,NA,NA,NA,75,0,1
49,9,0,7,3,3,"y",6,43,78,NA,NA,NA,NA,NA,NA,NA,NA,NA,NA,0,1
49,9,0,7,3,30,"y",7,46,82,18,22,35,NA,NA,NA,NA,NA,NA,35,0,1
49,9,0,7,3,4,"y",7,58,10,NA,NA,NA,NA,NA,NA,NA,NA,NA,NA,0,1
49,9,0,7,3,5,"y",9,79,137,22,24.2,115,NA,NA,NA,NA,NA,NA,115,0,1
49,9,0,7,3,6,"y",6,57,114,NA,NA,NA,NA,NA,NA,NA,NA,NA,NA,0,1
49,9,0,7,3,7,"y",9,60,117,19,22.4,60,NA,NA,NA,NA,NA,NA,60,0,1
49,9,0,7,3,8,"y",10,88,143,20,22.8,95,NA,NA,NA,NA,NA,NA,95,0,1
49,9,0,7,3,9,"y",8,42,84,NA,NA,NA,NA,NA,NA,NA,NA,NA,NA,0,1
5,3,0,4,1,1,"y",6,34,70,NA,NA,NA,NA,NA,NA,NA,NA,NA,NA,0,1
5,3,0,4,1,10,"y",5,27,52,18,22.3,60,NA,NA,NA,NA,NA,NA,60,0,1
5,3,0,4,1,11,"y",7,33,64,21,24.4,122,NA,NA,NA,NA,NA,NA,122,0,1
5,3,0,4,1,12,"y",6,37,65,16,22.8,50,NA,NA,NA,NA,NA,NA,50,0,1
5,3,0,4,1,13,"y",7,47,74,NA,NA,NA,NA,NA,NA,NA,NA,NA,NA,0,1
5,3,0,4,1,14,"n",NA,NA,NA,NA,NA,NA,NA,NA,NA,NA,NA,NA,NA,0,0
5,3,0,4,1,15,"n",NA,NA,NA,NA,NA,NA,NA,NA,NA,NA,NA,NA,NA,0,0
5,3,0,4,1,16,"y",5,22,35,NA,NA,NA,NA,NA,NA,NA,NA,NA,NA,0,1
5,3,0,4,1,17,"y",5,21,33,NA,NA,NA,NA,NA,NA,NA,NA,NA,NA,0,1
5,3,0,4,1,18,"y",7,51,92,22,23,100,NA,NA,NA,NA,NA,NA,100,0,1
5,3,0,4,1,19,"y",7,49,83,20,23.3,90,NA,NA,NA,NA,NA,NA,90,0,1
5,3,0,4,1,2,"y",7,37,72,16,23.5,40,NA,NA,NA,NA,NA,NA,40,0,1
5,3,0,4,1,20,"y",6,39,62,19,20.7,30,NA,NA,NA,NA,NA,NA,30,0,1
5,3,0,4,1,21,"y",8,48,79,20,24.5,95,NA,NA,NA,NA,NA,NA,95,0,1
5,3,0,4,1,22,"y",7,55,88,17,24.2,68,NA,NA,NA,NA,NA,NA,68,0,1
5,3,0,4,1,23,"y",7,37,69,19,23.2,65,NA,NA,NA,NA,NA,NA,65,0,1
5,3,0,4,1,24,"n",NA,NA,NA,NA,NA,NA,NA,NA,NA,NA,NA,NA,NA,0,0
5,3,0,4,1,25,"n",NA,NA,NA,NA,NA,NA,NA,NA,NA,NA,NA,NA,NA,0,0
5,3,0,4,1,26,"y",7,41,101,21,23,90,NA,NA,NA,NA,NA,NA,90,0,1
5,3,0,4,1,27,"y",7,49,92,23,23,110,NA,NA,NA,NA,NA,NA,110,0,1
5,3,0,4,1,28,"n",NA,NA,NA,NA,NA,NA,NA,NA,NA,NA,NA,NA,NA,0,0
5,3,0,4,1,29,"y",8,59,76,25,25.6,200,NA,NA,NA,NA,NA,NA,200,0,1
5,3,0,4,1,3,"y",6,34,66,17,20.6,45,NA,NA,NA,NA,NA,NA,45,0,1
5,3,0,4,1,30,"y",6,38,61,20,23.7,100,NA,NA,NA,NA,NA,NA,100,0,1
5,3,0,4,1,4,"y",8,52,93,23,23.1,125,NA,NA,NA,NA,NA,NA,125,0,1
5,3,0,4,1,5,"y",7,41,74,19,21.5,45,NA,NA,NA,NA,NA,NA,45,0,1
5,3,0,4,1,6,"y",8,46,75,18,22.5,50,NA,NA,NA,NA,NA,NA,50,0,1
5,3,0,4,1,7,"y",7,56,91,22,25.5,148,NA,NA,NA,NA,NA,NA,148,0,1
5,3,0,4,1,8,"y",6,36,62,14,21.4,25,NA,NA,NA,NA,NA,NA,25,0,1
5,3,0,4,1,9,"y",7,40,75,NA,NA,NA,NA,NA,NA,NA,NA,NA,NA,0,1
50,0.4,0,2,3,1,"y",6,20,38,NA,NA,NA,NA,NA,NA,NA,NA,NA,NA,0,1
50,0.4,0,2,3,10,"y",5,14,30,NA,NA,NA,NA,NA,NA,NA,NA,NA,NA,0,1
50,0.4,0,2,3,11,"n",NA,NA,NA,NA,NA,NA,NA,NA,NA,NA,NA,NA,NA,0,0
50,0.4,0,2,3,12,"y",6,17,33,NA,NA,NA,NA,NA,NA,NA,NA,NA,NA,0,1
50,0.4,0,2,3,13,"n",NA,NA,NA,NA,NA,NA,NA,NA,NA,NA,NA,NA,NA,0,0
50,0.4,0,2,3,14,"y",5,15,29,18,22.9,60,NA,NA,NA,NA,NA,NA,60,0,1
50,0.4,0,2,3,15,"y",7,23,32,NA,NA,NA,NA,NA,NA,NA,NA,NA,NA,0,1
50,0.4,0,2,3,16,"y",6,10,12,NA,NA,NA,NA,NA,NA,NA,NA,NA,NA,0,1
50,0.4,0,2,3,17,"y",6,19,44,15,20.5,15,NA,NA,NA,NA,NA,NA,15,0,1
50,0.4,0,2,3,18,"y",5,19,36,NA,NA,NA,NA,NA,NA,NA,NA,NA,NA,0,1
50,0.4,0,2,3,19,"y",6,17,32,NA,NA,NA,NA,NA,NA,NA,NA,NA,NA,0,1
50,0.4,0,2,3,2,"y",6,20,43,NA,NA,NA,NA,NA,NA,NA,NA,NA,NA,0,1
50,0.4,0,2,3,20,"y",4,10,36,NA,NA,NA,NA,NA,NA,NA,NA,NA,NA,0,1
50,0.4,0,2,3,21,"y",6,25,35,NA,NA,NA,NA,NA,NA,NA,NA,NA,NA,0,1
50,0.4,0,2,3,22,"y",6,23,55,NA,NA,NA,NA,NA,NA,NA,NA,NA,NA,0,1
50,0.4,0,2,3,23,"y",7,32,63,NA,NA,NA,NA,NA,NA,NA,NA,NA,NA,0,1
50,0.4,0,2,3,24,"y",6,23,51,NA,NA,NA,NA,NA,NA,NA,NA,NA,NA,0,1
50,0.4,0,2,3,25,"n",NA,NA,NA,NA,NA,NA,NA,NA,NA,NA,NA,NA,NA,0,0
50,0.4,0,2,3,26,"y",5,24,53,NA,NA,NA,NA,NA,NA,NA,NA,NA,NA,0,1
50,0.4,0,2,3,27,"y",5,22,42,NA,NA,NA,NA,NA,NA,NA,NA,NA,NA,0,1
50,0.4,0,2,3,28,"y",6,20,43,NA,NA,NA,NA,NA,NA,NA,NA,NA,NA,0,1
50,0.4,0,2,3,29,"y",6,14,28,NA,NA,NA,NA,NA,NA,NA,NA,NA,NA,0,1
50,0.4,0,2,3,3,"y",6,18,44,NA,NA,NA,NA,NA,NA,NA,NA,NA,NA,0,1
50,0.4,0,2,3,30,"y",NA,NA,NA,NA,NA,NA,NA,NA,NA,NA,NA,NA,NA,0,1
50,0.4,0,2,3,4,"y",5,12,17,NA,NA,NA,NA,NA,NA,NA,NA,NA,NA,0,1
50,0.4,0,2,3,5,"y",7,21,37,NA,NA,NA,NA,NA,NA,NA,NA,NA,NA,0,1
50,0.4,0,2,3,6,"y",5,12,24,NA,NA,NA,NA,NA,NA,NA,NA,NA,NA,0,1
50,0.4,0,2,3,7,"n",NA,NA,NA,NA,NA,NA,NA,NA,NA,NA,NA,NA,NA,0,0
50,0.4,0,2,3,8,"y",5,15,43,NA,NA,NA,NA,NA,NA,NA,NA,NA,NA,0,1
50,0.4,0,2,3,9,"y",4,14,29,NA,NA,NA,NA,NA,NA,NA,NA,NA,NA,0,1
51,0,0,1,3,1,"y",7,21,50,14,20.8,25,NA,NA,NA,NA,NA,NA,25,0,1
51,0,0,1,3,10,"y",6,15,30,NA,NA,NA,NA,NA,NA,NA,NA,NA,NA,0,1
51,0,0,1,3,11,"y",6,15,36,NA,NA,NA,NA,NA,NA,NA,NA,NA,NA,0,1
51,0,0,1,3,12,"n",NA,NA,NA,NA,NA,NA,NA,NA,NA,NA,NA,NA,NA,0,0
51,0,0,1,3,13,"y",5,13,32,NA,NA,NA,NA,NA,NA,NA,NA,NA,NA,0,1
51,0,0,1,3,14,"y",5,13,34,NA,NA,NA,NA,NA,NA,NA,NA,NA,NA,0,1
51,0,0,1,3,15,"y",6,15,31,17,20.7,35,16,18,10,NA,NA,NA,45,0,1
51,0,0,1,3,16,"y",5,15,35,NA,NA,NA,NA,NA,NA,NA,NA,NA,NA,0,1
51,0,0,1,3,17,"y",7,19,44,NA,NA,NA,NA,NA,NA,NA,NA,NA,NA,0,1
51,0,0,1,3,18,"y",6,22,44,19,22,55,NA,NA,NA,NA,NA,NA,55,0,1
51,0,0,1,3,19,"y",8,25,47,16,19.6,15,15,19,10,NA,NA,NA,25,0,1
51,0,0,1,3,2,"y",4,11,28,NA,NA,NA,NA,NA,NA,NA,NA,NA,NA,0,1
51,0,0,1,3,20,"y",6,21,44,NA,NA,NA,NA,NA,NA,NA,NA,NA,NA,0,1
51,0,0,1,3,21,"y",5,11,27,NA,NA,NA,NA,NA,NA,NA,NA,NA,NA,0,1
51,0,0,1,3,22,"y",4,9,24,NA,NA,NA,NA,NA,NA,NA,NA,NA,NA,0,1
51,0,0,1,3,23,"n",NA,NA,NA,NA,NA,NA,NA,NA,NA,NA,NA,NA,NA,0,0
51,0,0,1,3,24,"y",6,15,21,NA,NA,NA,NA,NA,NA,NA,NA,NA,NA,0,1
51,0,0,1,3,25,"y",5,15,31,NA,NA,NA,NA,NA,NA,NA,NA,NA,NA,0,1
51,0,0,1,3,26,"y",7,21,40,18,23.5,65,NA,NA,NA,NA,NA,NA,65,0,1
51,0,0,1,3,27,"y",6,23,37,NA,NA,NA,NA,NA,NA,NA,NA,NA,NA,0,1
51,0,0,1,3,28,"y",6,20,35,NA,NA,NA,NA,NA,NA,NA,NA,NA,NA,0,1
51,0,0,1,3,29,"y",6,25,43,NA,NA,NA,NA,NA,NA,NA,NA,NA,NA,0,1
51,0,0,1,3,3,"y",6,12,29,17,22.5,20,NA,NA,NA,NA,NA,NA,20,0,1
51,0,0,1,3,30,"y",5,20,52,NA,NA,NA,NA,NA,NA,NA,NA,NA,NA,0,1
51,0,0,1,3,4,"y",6,16,39,NA,NA,NA,NA,NA,NA,NA,NA,NA,NA,0,1
51,0,0,1,3,5,"n",NA,NA,NA,NA,NA,NA,NA,NA,NA,NA,NA,NA,NA,0,0
51,0,0,1,3,6,"y",5,10,28,NA,NA,NA,NA,NA,NA,NA,NA,NA,NA,0,1
51,0,0,1,3,7,"y",6,17,32,NA,NA,NA,NA,NA,NA,NA,NA,NA,NA,0,1
51,0,0,1,3,8,"y",6,16,33,NA,NA,NA,NA,NA,NA,NA,NA,NA,NA,0,1
51,0,0,1,3,9,"y",6,19,37,NA,NA,NA,NA,NA,NA,NA,NA,NA,NA,0,1
52,5,0,5,3,1,"y",7,45,84,18,22.7,55,NA,NA,NA,NA,NA,NA,55,0,1
52,5,0,5,3,10,"y",6,20,48,18,22,65,NA,NA,NA,NA,NA,NA,65,0,1
52,5,0,5,3,11,"y",8,47,71,19,23,80,NA,NA,NA,NA,NA,NA,80,0,1
52,5,0,5,3,12,"y",8,56,100,NA,NA,NA,NA,NA,NA,NA,NA,NA,NA,0,1
52,5,0,5,3,13,"y",7,56,105,20,21.3,50,NA,NA,NA,NA,NA,NA,50,0,1
52,5,0,5,3,14,"y",7,57,99,21,22.5,95,NA,NA,NA,NA,NA,NA,95,0,1
52,5,0,5,3,15,"y",7,43,87,19,22.8,50,NA,NA,NA,NA,NA,NA,50,0,1
52,5,0,5,3,16,"y",7,51,94,17,22.8,50,NA,NA,NA,NA,NA,NA,50,0,1
52,5,0,5,3,17,"n",NA,NA,NA,NA,NA,NA,NA,NA,NA,NA,NA,NA,NA,0,0
52,5,0,5,3,18,"y",9,69,111,22,25,145,NA,NA,NA,NA,NA,NA,145,0,1
52,5,0,5,3,19,"y",7,37,81,18,22,50,NA,NA,NA,NA,NA,NA,50,0,1
52,5,0,5,3,2,"y",7,50,93,22,22.3,70,NA,NA,NA,NA,NA,NA,70,0,1
52,5,0,5,3,20,"y",7,40,80,14,21,10,NA,NA,NA,NA,NA,NA,10,0,1
52,5,0,5,3,21,"y",8,42,82,19,23.5,75,NA,NA,NA,NA,NA,NA,75,0,1
52,5,0,5,3,22,"y",8,52,101,18,22.5,55,NA,NA,NA,NA,NA,NA,55,0,1
52,5,0,5,3,23,"y",8,49,91,19,22.5,70,NA,NA,NA,NA,NA,NA,70,0,1
52,5,0,5,3,24,"y",9,91,137,23,24.8,165,NA,NA,NA,NA,NA,NA,165,0,1
52,5,0,5,3,25,"y",8,53,100,16,23,65,NA,NA,NA,NA,NA,NA,65,0,1
52,5,0,5,3,26,"n",NA,NA,NA,NA,NA,NA,NA,NA,NA,NA,NA,NA,NA,0,0
52,5,0,5,3,27,"y",7,54,95,22,21,100,NA,NA,NA,NA,NA,NA,100,0,1
52,5,0,5,3,28,"y",7,32,60,14,19,15,NA,NA,NA,NA,NA,NA,15,0,1
52,5,0,5,3,29,"y",7,36,63,NA,NA,NA,NA,NA,NA,NA,NA,NA,NA,0,1
52,5,0,5,3,3,"y",8,51,106,NA,NA,NA,NA,NA,NA,NA,NA,NA,NA,0,1
52,5,0,5,3,30,"y",8,52,92,19,24.6,95,NA,NA,NA,NA,NA,NA,95,0,1
52,5,0,5,3,4,"y",7,29,40,NA,NA,NA,NA,NA,NA,NA,NA,NA,NA,0,1
52,5,0,5,3,5,"y",9,58,104,17,24.5,70,NA,NA,NA,NA,NA,NA,70,0,1
52,5,0,5,3,6,"y",6,47,84,21,21.8,75,NA,NA,NA,NA,NA,NA,75,0,1
52,5,0,5,3,7,"y",7,52,80,17,21.5,45,NA,NA,NA,NA,NA,NA,45,0,1
52,5,0,5,3,8,"y",7,45,93,17,22,55,NA,NA,NA,NA,NA,NA,55,0,1
52,5,0,5,3,9,"y",7,47,94,20,22.6,70,NA,NA,NA,NA,NA,NA,70,0,1
62,0.8,0,3,3,1,"y",6,14,38,13,22.4,25,NA,NA,NA,NA,NA,NA,25,0,1
62,0.8,0,3,3,10,"y",8,36,69,19,21.8,60,NA,NA,NA,NA,NA,NA,60,0,1
62,0.8,0,3,3,11,"y",NA,NA,NA,NA,NA,NA,NA,NA,NA,NA,NA,NA,NA,0,1
62,0.8,0,3,3,12,"y",7,30,63,18,21.5,35,NA,NA,NA,NA,NA,NA,40,0,1
62,0.8,0,3,3,13,"n",NA,NA,NA,NA,NA,NA,NA,NA,NA,NA,NA,NA,NA,0,0
62,0.8,0,3,3,14,"y",7,21,51,17,22.5,50,NA,NA,NA,NA,NA,NA,50,0,1
62,0.8,0,3,3,15,"y",7,22,54,17,21.6,50,NA,NA,NA,NA,NA,NA,50,0,1
62,0.8,0,3,3,16,"n",NA,NA,NA,NA,NA,NA,NA,NA,NA,NA,NA,NA,NA,0,0
62,0.8,0,3,3,17,"y",7,18,51,NA,NA,NA,NA,NA,NA,NA,NA,NA,NA,0,1
62,0.8,0,3,3,18,"y",6,24,48,18,23.8,65,NA,NA,NA,NA,NA,NA,65,0,1
62,0.8,0,3,3,19,"y",6,28,64,16,19,10,NA,NA,NA,NA,NA,NA,10,0,1
62,0.8,0,3,3,2,"y",7,15,57,NA,NA,NA,NA,NA,NA,NA,NA,NA,NA,0,1
62,0.8,0,3,3,20,"y",7,23,58,NA,NA,NA,NA,NA,NA,NA,NA,NA,NA,0,1
62,0.8,0,3,3,21,"y",7,18,51,16,21.3,30,NA,NA,NA,NA,NA,NA,30,0,1
62,0.8,0,3,3,22,"y",6,20,47,NA,NA,NA,NA,NA,NA,NA,NA,NA,NA,0,1
62,0.8,0,3,3,23,"y",6,21,48,NA,NA,NA,NA,NA,NA,NA,NA,NA,NA,0,1
62,0.8,0,3,3,24,"y",7,31,65,20,19.6,40,NA,NA,NA,NA,NA,NA,40,0,1
62,0.8,0,3,3,25,"y",6,24,65,NA,NA,NA,NA,NA,NA,NA,NA,NA,NA,0,1
62,0.8,0,3,3,26,"y",5,15,35,NA,NA,NA,NA,NA,NA,NA,NA,NA,NA,0,1
62,0.8,0,3,3,27,"y",5,10,25,17,20.5,40,NA,NA,NA,NA,NA,NA,40,0,1
62,0.8,0,3,3,28,"n",NA,NA,NA,NA,NA,NA,NA,NA,NA,NA,NA,NA,NA,0,0
62,0.8,0,3,3,29,"y",6,21,50,NA,NA,NA,NA,NA,NA,NA,NA,NA,NA,0,1
62,0.8,0,3,3,3,"y",6,14,47,NA,NA,NA,NA,NA,NA,NA,NA,NA,NA,0,1
62,0.8,0,3,3,30,"y",6,30,58,NA,NA,NA,NA,NA,NA,NA,NA,NA,NA,0,1
62,0.8,0,3,3,4,"y",5,0,23,NA,NA,NA,NA,NA,NA,NA,NA,NA,NA,0,1
62,0.8,0,3,3,5,"y",7,23,51,13,20,15,NA,NA,NA,NA,NA,NA,15,0,1
62,0.8,0,3,3,6,"y",7,19,45,NA,NA,NA,NA,NA,NA,NA,NA,NA,NA,0,1
62,0.8,0,3,3,7,"y",6,24,52,NA,NA,NA,NA,NA,NA,NA,NA,NA,NA,0,1
62,0.8,0,3,3,8,"y",5,11,24,NA,NA,NA,NA,NA,NA,NA,NA,NA,NA,0,1
62,0.8,0,3,3,9,"n",NA,NA,NA,NA,NA,NA,NA,NA,NA,NA,NA,NA,NA,0,0
64,13,0,9,3,1,"y",6,15,38,NA,NA,NA,NA,NA,NA,NA,NA,NA,NA,0,1
64,13,0,9,3,10,"y",6,24,26,17,22,45,NA,NA,NA,NA,NA,NA,45,0,1
64,13,0,9,3,11,"y",6,16,37,NA,NA,NA,NA,NA,NA,NA,NA,NA,NA,0,1
64,13,0,9,3,12,"n",NA,NA,NA,NA,NA,NA,NA,NA,NA,NA,NA,NA,NA,0,0
64,13,0,9,3,13,"y",6,19,45,18,22.7,60,NA,NA,NA,NA,NA,NA,60,0,1
64,13,0,9,3,14,"y",6,13,38,NA,NA,NA,NA,NA,NA,NA,NA,NA,NA,0,1
64,13,0,9,3,15,"y",5,13,32,NA,NA,NA,NA,NA,NA,NA,NA,NA,NA,0,1
64,13,0,9,3,16,"y",3,8,12,NA,NA,NA,NA,NA,NA,NA,NA,NA,NA,0,1
64,13,0,9,3,17,"y",7,18,42,NA,NA,NA,NA,NA,NA,NA,NA,NA,NA,0,1
64,13,0,9,3,18,"y",6,18,37,NA,NA,NA,NA,NA,NA,NA,NA,NA,NA,0,1
64,13,0,9,3,19,"y",6,20,36,NA,NA,NA,NA,NA,NA,NA,NA,NA,NA,0,1
64,13,0,9,3,2,"y",7,22,42,15,20.5,15,NA,NA,NA,NA,NA,NA,15,0,1
64,13,0,9,3,20,"y",6,25,47,14,22.2,40,NA,NA,NA,NA,NA,NA,40,0,1
64,13,0,9,3,21,"n",6,20,46,NA,NA,NA,NA,NA,NA,NA,NA,NA,NA,0,1
64,13,0,9,3,22,"y",6,18,47,14,19.5,15,NA,NA,NA,NA,NA,NA,15,0,1
64,13,0,9,3,23,"y",6,16,36,NA,NA,NA,NA,NA,NA,NA,NA,NA,NA,0,1
64,13,0,9,3,24,"y",6,34,52,NA,NA,NA,NA,NA,NA,NA,NA,NA,NA,0,1
64,13,0,9,3,25,"y",6,25,54,17,22.5,65,NA,NA,NA,NA,NA,NA,65,0,1
64,13,0,9,3,26,"y",NA,NA,NA,NA,NA,NA,NA,NA,NA,NA,NA,NA,NA,0,1
64,13,0,9,3,27,"y",6,16,37,NA,NA,NA,NA,NA,NA,NA,NA,NA,NA,0,1
64,13,0,9,3,28,"y",5,13,22,15,21,20,NA,NA,NA,NA,NA,NA,20,0,1
64,13,0,9,3,29,"y",NA,NA,NA,NA,NA,NA,NA,NA,NA,NA,NA,NA,NA,0,1
64,13,0,9,3,3,"y",2,5,10,NA,NA,NA,NA,NA,NA,NA,NA,NA,NA,0,1
64,13,0,9,3,30,"n",NA,NA,NA,NA,NA,NA,NA,NA,NA,NA,NA,NA,NA,0,0
64,13,0,9,3,4,"y",5,15,34,NA,NA,NA,NA,NA,NA,NA,NA,NA,NA,0,1
64,13,0,9,3,5,"y",6,17,32,15,20.2,30,NA,NA,NA,NA,NA,NA,30,0,1
64,13,0,9,3,6,"n",NA,NA,NA,NA,NA,NA,NA,NA,NA,NA,NA,NA,NA,0,0
64,13,0,9,3,7,"y",7,17,38,NA,NA,NA,NA,NA,NA,NA,NA,NA,NA,0,1
64,13,0,9,3,8,"y",6,16,34,NA,NA,NA,NA,NA,NA,NA,NA,NA,NA,0,1
64,13,0,9,3,9,"y",6,22,52,14,20.2,25,NA,NA,NA,NA,NA,NA,25,0,1
65,20,0,11,3,1,"y",9,75,145,29,24.5,160,NA,NA,NA,NA,NA,NA,160,0,1
65,20,0,11,3,10,"y",10,139,152,18,25.3,85,19,23,75,NA,NA,NA,160,0,1
65,20,0,11,3,11,"y",8,74,144,25,24.5,165,NA,NA,NA,NA,NA,NA,165,0,1
65,20,0,11,3,12,"y",8,81,128,23,22.7,100,NA,NA,NA,NA,NA,NA,100,0,1
65,20,0,11,3,13,"y",10,117,152,26,25.6,200,NA,NA,NA,NA,NA,NA,200,0,1
65,20,0,11,3,14,"y",9,120,152,25,25,195,NA,NA,NA,NA,NA,NA,195,0,1
65,20,0,11,3,15,"y",10,118,152,21,23.6,90,NA,NA,NA,NA,NA,NA,90,0,1
65,20,0,11,3,16,"y",7,97,152,20,21.8,65,NA,NA,NA,NA,NA,NA,65,0,1
65,20,0,11,3,17,"y",8,65,121,23,23.8,135,NA,NA,NA,NA,NA,NA,135,0,1
65,20,0,11,3,18,"y",9,87,147,26,25.3,170,NA,NA,NA,NA,NA,NA,170,0,1
65,20,0,11,3,19,"y",7,89,149,25,23.7,165,NA,NA,NA,NA,NA,NA,165,0,1
65,20,0,11,3,2,"y",9,45,60,NA,NA,NA,NA,NA,NA,NA,NA,NA,NA,0,1
65,20,0,11,3,20,"y",9,87,145,23,23.5,115,NA,NA,NA,NA,NA,NA,115,0,1
65,20,0,11,3,21,"y",7,32,84,18,23.2,60,NA,NA,NA,NA,NA,NA,60,0,1
65,20,0,11,3,22,"y",11,122,152,29,26,230,20,23,85,NA,NA,NA,315,0,1
65,20,0,11,3,23,"n",NA,NA,NA,NA,NA,NA,NA,NA,NA,NA,NA,NA,NA,0,0
65,20,0,11,3,24,"y",11,104,152,23,25.8,140,NA,NA,NA,NA,NA,NA,140,0,1
65,20,0,11,3,25,"y",10,104,145,26,25.2,195,NA,NA,NA,NA,NA,NA,195,0,1
65,20,0,11,3,26,"y",8,82,150,27,22.7,125,NA,NA,NA,NA,NA,NA,125,0,1
65,20,0,11,3,27,"y",9,71,122,25,25.3,180,NA,NA,NA,NA,NA,NA,180,0,1
65,20,0,11,3,28,"y",9,108,151,24,22.8,115,NA,NA,NA,NA,NA,NA,115,0,1
65,20,0,11,3,29,"y",10,113,152,23,25,145,NA,NA,NA,NA,NA,NA,145,0,1
65,20,0,11,3,3,"y",10,99,152,19,22.5,40,14,23.8,15,NA,NA,NA,55,0,1
65,20,0,11,3,30,"y",10,102,152,26,25.8,195,NA,NA,NA,NA,NA,NA,195,0,1
65,20,0,11,3,4,"y",11,128,152,20,25.7,140,NA,NA,NA,NA,NA,NA,140,0,1
65,20,0,11,3,5,"y",10,107,109,26,23.5,130,NA,NA,NA,NA,NA,NA,130,0,1
65,20,0,11,3,6,"y",9,108,149,24,25.5,180,NA,NA,NA,NA,NA,NA,180,0,1
65,20,0,11,3,7,"y",11,129,152,26,24.8,200,NA,NA,NA,NA,NA,NA,200,0,1
65,20,0,11,3,8,"y",9,87,133,NA,NA,NA,NA,NA,NA,NA,NA,NA,NA,0,1
65,20,0,11,3,9,"y",10,115,152,25,24.5,175,NA,NA,NA,NA,NA,NA,175,0,1
66,30,0,12,3,1,"y",9,48,89,20,22,55,18,21.8,35,NA,NA,NA,90,0,1
66,30,0,12,3,10,"y",9,99,149,25,25.7,200,NA,NA,NA,NA,NA,NA,200,0,1
66,30,0,12,3,11,"y",9,82,145,18,21,20,14,20.2,10,NA,NA,NA,30,0,1
66,30,0,12,3,12,"y",10,118,152,23,27.7,225,NA,NA,NA,NA,NA,NA,225,0,1
66,30,0,12,3,13,"y",8,78,132,20,24.3,100,NA,NA,NA,NA,NA,NA,100,0,1
66,30,0,12,3,14,"y",10,102,152,23,25.6,190,NA,NA,NA,NA,NA,NA,190,0,1
66,30,0,12,3,15,"n",NA,NA,NA,NA,NA,NA,NA,NA,NA,NA,NA,NA,NA,0,0
66,30,0,12,3,16,"y",10,123,152,25,25.5,195,NA,NA,NA,NA,NA,NA,195,0,1
66,30,0,12,3,17,"y",10,109,152,26,26,225,NA,NA,NA,NA,NA,NA,225,0,1
66,30,0,12,3,18,"y",5,51,95,24,23.8,145,NA,NA,NA,NA,NA,NA,145,0,1
66,30,0,12,3,19,"y",10,108,153,23,24.5,140,NA,NA,NA,NA,NA,NA,140,0,1
66,30,0,12,3,2,"y",11,121,152,27,24.8,175,21,23.4,105,NA,NA,NA,280,0,1
66,30,0,12,3,20,"n",NA,NA,NA,NA,NA,NA,NA,NA,NA,NA,NA,NA,NA,0,0
66,30,0,12,3,21,"y",8,97,142,29,24.8,210,NA,NA,NA,NA,NA,NA,210,0,1
66,30,0,12,3,22,"y",7,88,141,27,25,165,NA,NA,NA,NA,NA,NA,165,0,1
66,30,0,12,3,23,"y",9,102,148,21,25,115,NA,NA,NA,NA,NA,NA,115,0,1
66,30,0,12,3,24,"y",9,101,152,23,23.5,135,NA,NA,NA,NA,NA,NA,135,0,1
66,30,0,12,3,25,"y",7,68,142,23,26,140,NA,NA,NA,NA,NA,NA,140,0,1
66,30,0,12,3,26,"y",11,89,152,26,26,190,13,21.2,15,NA,NA,NA,205,0,1
66,30,0,12,3,27,"y",10,75,148,22,25.8,150,NA,NA,NA,NA,NA,NA,150,0,1
66,30,0,12,3,28,"n",NA,NA,NA,NA,NA,NA,NA,NA,NA,NA,NA,NA,NA,0,0
66,30,0,12,3,29,"y",10,108,143,30,25.5,255,NA,NA,NA,NA,NA,NA,255,0,1
66,30,0,12,3,3,"y",10,89,148,23,25.8,155,NA,NA,NA,NA,NA,NA,155,0,1
66,30,0,12,3,30,"y",9,98,140,24,24.5,165,NA,NA,NA,NA,NA,NA,165,0,1
66,30,0,12,3,4,"y",11,79,144,22,22.3,80,NA,NA,NA,NA,NA,NA,80,0,1
66,30,0,12,3,5,"y",10,111,152,29,23.7,190,NA,NA,NA,NA,NA,NA,190,0,1
66,30,0,12,3,6,"y",9,99,152,20,22,55,NA,NA,NA,NA,NA,NA,55,0,1
66,30,0,12,3,7,"y",11,113,152,24,24.5,155,NA,NA,NA,NA,NA,NA,155,0,1
66,30,0,12,3,8,"y",9,97,152,23,25.5,175,NA,NA,NA,NA,NA,NA,175,0,1
66,30,0,12,3,9,"y",11,114,152,24,27.3,230,NA,NA,NA,NA,NA,NA,230,0,1
67,11,0,8,3,1,"y",9,89,149,20,23.5,115,NA,NA,NA,NA,NA,NA,115,0,1
67,11,0,8,3,10,"y",8,61,113,22,24.3,110,NA,NA,NA,NA,NA,NA,110,0,1
67,11,0,8,3,11,"y",9,90,135,21,24.6,130,NA,NA,NA,NA,NA,NA,130,0,1
67,11,0,8,3,12,"y",9,86,113,20,24.5,110,NA,NA,NA,NA,NA,NA,110,0,1
67,11,0,8,3,13,"y",9,89,152,20,23.6,90,NA,NA,NA,NA,NA,NA,90,0,1
67,11,0,8,3,14,"y",9,99,136,21,23.9,120,NA,NA,NA,NA,NA,NA,120,0,1
67,11,0,8,3,15,"y",8,74,133,20,22.5,100,NA,NA,NA,NA,NA,NA,100,0,1
67,11,0,8,3,16,"y",8,73,125,19,23.2,75,NA,NA,NA,NA,NA,NA,75,0,1
67,11,0,8,3,17,"y",8,113,120,25,24.7,175,NA,NA,NA,NA,NA,NA,175,0,1
67,11,0,8,3,18,"n",NA,NA,NA,NA,NA,NA,NA,NA,NA,NA,NA,NA,NA,0,0
67,11,0,8,3,19,"y",8,64,118,23,24,140,NA,NA,NA,NA,NA,NA,140,0,1
67,11,0,8,3,2,"y",9,89,154,22,25,145,NA,NA,NA,NA,NA,NA,145,0,1
67,11,0,8,3,20,"y",8,57,101,17,24,75,NA,NA,NA,NA,NA,NA,75,0,1
67,11,0,8,3,21,"y",8,72,121,20,23.7,100,NA,NA,NA,NA,NA,NA,100,0,1
67,11,0,8,3,22,"y",8,68,118,23,25,140,NA,NA,NA,NA,NA,NA,140,0,1
67,11,0,8,3,23,"y",10,95,152,NA,NA,NA,NA,NA,NA,NA,NA,NA,NA,0,1
67,11,0,8,3,24,"y",9,77,145,19,21.9,70,NA,NA,NA,NA,NA,NA,70,0,1
67,11,0,8,3,25,"y",9,74,136,24,23.3,100,NA,NA,NA,NA,NA,NA,100,0,1
67,11,0,8,3,26,"y",9,86,148,20,24,95,NA,NA,NA,NA,NA,NA,95,0,1
67,11,0,8,3,27,"y",9,93,150,20,24,105,NA,NA,NA,NA,NA,NA,105,0,1
67,11,0,8,3,28,"n",NA,NA,NA,NA,NA,NA,NA,NA,NA,NA,NA,NA,NA,0,0
67,11,0,8,3,29,"y",9,86,136,23,23.5,125,NA,NA,NA,NA,NA,NA,125,0,1
67,11,0,8,3,3,"y",10,96,149,20,23,80,NA,NA,NA,NA,NA,NA,80,0,1
67,11,0,8,3,30,"y",8,66,115,21,24,135,NA,NA,NA,NA,NA,NA,135,0,1
67,11,0,8,3,4,"y",9,80,138,NA,NA,NA,NA,NA,NA,NA,NA,NA,NA,0,1
67,11,0,8,3,5,"y",10,98,152,25,24.2,165,NA,NA,NA,NA,NA,NA,165,0,1
67,11,0,8,3,6,"y",9,89,144,25,23,135,NA,NA,NA,NA,NA,NA,135,0,1
67,11,0,8,3,7,"y",10,85,150,NA,NA,NA,NA,NA,NA,NA,NA,NA,NA,0,1
67,11,0,8,3,8,"y",8,63,126,20,23.3,80,14,22.5,30,NA,NA,NA,110,0,1
67,11,0,8,3,9,"y",8,75,130,23,23,100,NA,NA,NA,NA,NA,NA,100,0,1
72,15,0,10,3,1,"y",8,47,79,24,24.5,135,NA,NA,NA,NA,NA,NA,135,0,1
72,15,0,10,3,10,"y",7,54,96,24,26.5,185,NA,NA,NA,NA,NA,NA,185,0,1
72,15,0,10,3,11,"n",NA,NA,NA,NA,NA,NA,NA,NA,NA,NA,NA,NA,NA,0,0
72,15,0,10,3,12,"y",7,74,117,27,25.2,200,NA,NA,NA,NA,NA,NA,200,0,1
72,15,0,10,3,13,"y",9,68,105,21,23.4,75,17,21,45,16,21.5,25,160,0,1
72,15,0,10,3,14,"y",8,85,128,25,24.5,145,NA,NA,NA,NA,NA,NA,145,0,1
72,15,0,10,3,15,"y",9,71,116,18,25.4,75,NA,NA,NA,NA,NA,NA,75,0,1
72,15,0,10,3,16,"n",NA,NA,NA,NA,NA,NA,NA,NA,NA,NA,NA,NA,NA,0,0
72,15,0,10,3,17,"y",8,70,123,22,25,135,NA,NA,NA,NA,NA,NA,135,0,1
72,15,0,10,3,18,"y",8,39,62,NA,NA,NA,NA,NA,NA,NA,NA,NA,NA,0,1
72,15,0,10,3,19,"y",7,59,94,23,24,145,NA,NA,NA,NA,NA,NA,145,0,1
72,15,0,10,3,2,"n",NA,NA,NA,NA,NA,NA,NA,NA,NA,NA,NA,NA,NA,0,0
72,15,0,10,3,20,"y",8,61,90,24,24.5,135,NA,NA,NA,NA,NA,NA,135,0,1
72,15,0,10,3,21,"y",10,64,96,19,25,10,NA,NA,NA,NA,NA,NA,85,0,1
72,15,0,10,3,22,"y",9,84,125,19,25.2,95,NA,NA,NA,NA,NA,NA,95,0,1
72,15,0,10,3,23,"y",8,85,117,NA,NA,NA,NA,NA,NA,NA,NA,NA,NA,0,1
72,15,0,10,3,24,"y",9,74,122,23,24.5,145,NA,NA,NA,NA,NA,NA,145,0,1
72,15,0,10,3,25,"y",8,78,124,24,25.7,160,NA,NA,NA,NA,NA,NA,160,0,1
72,15,0,10,3,26,"y",9,66,105,23,24.5,140,NA,NA,NA,NA,NA,NA,140,0,1
72,15,0,10,3,27,"y",9,92,136,25,23.8,150,17,19.2,25,NA,NA,NA,175,0,1
72,15,0,10,3,28,"y",8,76,123,20,24.2,120,NA,NA,NA,NA,NA,NA,120,0,1
72,15,0,10,3,29,"y",9,61,95,21,25.2,110,NA,NA,NA,NA,NA,NA,110,0,1
72,15,0,10,3,3,"y",8,62,112,26,24.9,175,NA,NA,NA,NA,NA,NA,175,0,1
72,15,0,10,3,30,"y",NA,NA,NA,NA,NA,NA,NA,NA,NA,NA,NA,NA,NA,0,1
72,15,0,10,3,4,"n",NA,NA,NA,NA,NA,NA,NA,NA,NA,NA,NA,NA,NA,0,0
72,15,0,10,3,5,"y",9,83,135,28,24,155,NA,NA,NA,NA,NA,NA,155,0,1
72,15,0,10,3,6,"y",8,68,112,20,25,125,21,22.5,65,NA,NA,NA,190,0,1
72,15,0,10,3,7,"y",7,63,102,28,24.7,175,NA,NA,NA,NA,NA,NA,175,0,1
72,15,0,10,3,8,"y",7,32,53,22,24,95,NA,NA,NA,NA,NA,NA,95,0,1
72,15,0,10,3,9,"n",NA,NA,NA,NA,NA,NA,NA,NA,NA,NA,NA,NA,NA,0,0
76,7,0,6,4,1,"y",10,80,122,19,22.7,55,NA,NA,NA,NA,NA,NA,55,0,1
76,7,0,6,4,10,"n",NA,NA,NA,NA,NA,NA,NA,NA,NA,NA,NA,NA,NA,0,0
76,7,0,6,4,11,"y",7,40,87,15,21.6,25,NA,NA,NA,NA,NA,NA,25,0,1
76,7,0,6,4,12,"y",9,70,110,16,22.8,45,NA,NA,NA,NA,NA,NA,45,0,1
76,7,0,6,4,13,"y",9,75,122,19,24.5,75,NA,NA,NA,NA,NA,NA,75,0,1
76,7,0,6,4,14,"y",9,60,93,14,20.7,15,NA,NA,NA,NA,NA,NA,15,0,1
76,7,0,6,4,15,"y",9,87,152,18,21.6,50,NA,NA,NA,NA,NA,NA,50,0,1
76,7,0,6,4,16,"y",9,80,120,19,22.7,70,NA,NA,NA,NA,NA,NA,70,0,1
76,7,0,6,4,17,"y",7,56,98,19,20.8,45,NA,NA,NA,NA,NA,NA,45,0,1
76,7,0,6,4,18,"y",8,71,106,20,22.8,90,NA,NA,NA,NA,NA,NA,90,0,1
76,7,0,6,4,19,"y",8,58,140,19,23.8,95,NA,NA,NA,NA,NA,NA,95,0,1
76,7,0,6,4,2,"n",NA,NA,NA,NA,NA,NA,NA,NA,NA,NA,NA,NA,NA,0,0
76,7,0,6,4,20,"y",8,57,112,18,21.5,50,NA,NA,NA,NA,NA,NA,50,0,1
76,7,0,6,4,21,"y",7,61,106,23,24.5,135,NA,NA,NA,NA,NA,NA,135,0,1
76,7,0,6,4,22,"y",9,84,120,17,23.5,75,NA,NA,NA,NA,NA,NA,75,0,1
76,7,0,6,4,23,"y",9,176,114,NA,NA,NA,NA,NA,NA,NA,NA,NA,NA,0,1
76,7,0,6,4,24,"y",8,72,111,19,20.5,35,NA,NA,NA,NA,NA,NA,35,0,1
76,7,0,6,4,25,"y",6,49,100,21,24,90,NA,NA,NA,NA,NA,NA,90,0,1
76,7,0,6,4,26,"y",8,75,152,22,23,100,NA,NA,NA,NA,NA,NA,100,0,1
76,7,0,6,4,27,"y",8,52,83,19,23.2,65,NA,NA,NA,NA,NA,NA,65,0,1
76,7,0,6,4,28,"y",8,67,108,17,21.8,45,NA,NA,NA,NA,NA,NA,45,0,1
76,7,0,6,4,29,"y",9,70,102,19,24,100,NA,NA,NA,NA,NA,NA,100,0,1
76,7,0,6,4,3,"y",8,68,100,20,24,85,NA,NA,NA,NA,NA,NA,85,0,1
76,7,0,6,4,30,"n",NA,NA,NA,NA,NA,NA,NA,NA,NA,NA,NA,NA,NA,0,0
76,7,0,6,4,4,"y",8,57,94,20,19.6,30,NA,NA,NA,NA,NA,NA,30,0,1
76,7,0,6,4,5,"y",10,80,124,20,23.3,75,NA,NA,NA,NA,NA,NA,75,0,1
76,7,0,6,4,6,"y",9,67,79,NA,NA,NA,NA,NA,NA,NA,NA,NA,NA,0,1
76,7,0,6,4,7,"y",7,48,89,22,22,80,NA,NA,NA,NA,NA,NA,80,0,1
76,7,0,6,4,8,"y",7,22,39,NA,NA,NA,NA,NA,NA,NA,NA,NA,NA,0,1
76,7,0,6,4,9,"y",11,124,169,21,26,140,NA,NA,NA,NA,NA,NA,140,0,1
77,0.8,0,3,4,1,"y",6,22,54,15,22.4,40,NA,NA,NA,NA,NA,NA,40,0,1
77,0.8,0,3,4,10,"y",6,26,51,NA,NA,NA,NA,NA,NA,NA,NA,NA,NA,0,1
77,0.8,0,3,4,11,"y",5,16,29,NA,NA,NA,NA,NA,NA,NA,NA,NA,NA,0,1
77,0.8,0,3,4,12,"y",6,37,61,21,22.6,60,NA,NA,NA,NA,NA,NA,60,0,1
77,0.8,0,3,4,13,"y",5,15,34,NA,NA,NA,NA,NA,NA,NA,NA,NA,NA,0,1
77,0.8,0,3,4,14,"y",7,23,54,15,20.4,20,NA,NA,NA,NA,NA,NA,20,0,1
77,0.8,0,3,4,15,"y",7,24,48,NA,NA,NA,NA,NA,NA,NA,NA,NA,NA,0,1
77,0.8,0,3,4,16,"y",8,25,44,NA,NA,NA,NA,NA,NA,NA,NA,NA,NA,0,1
77,0.8,0,3,4,17,"y",6,24,49,16,22.3,25,NA,NA,NA,NA,NA,NA,25,0,1
77,0.8,0,3,4,18,"n",NA,NA,NA,NA,NA,NA,NA,NA,NA,NA,NA,NA,NA,0,0
77,0.8,0,3,4,19,"y",6,20,36,NA,NA,NA,NA,NA,NA,NA,NA,NA,NA,0,1
77,0.8,0,3,4,2,"y",5,15,32,NA,NA,NA,NA,NA,NA,NA,NA,NA,NA,0,1
77,0.8,0,3,4,20,"n",NA,NA,NA,NA,NA,NA,NA,NA,NA,NA,NA,NA,NA,0,0
77,0.8,0,3,4,21,"y",6,15,37,NA,NA,NA,NA,NA,NA,NA,NA,NA,NA,0,1
77,0.8,0,3,4,22,"y",4,10,34,NA,NA,NA,NA,NA,NA,NA,NA,NA,NA,0,1
77,0.8,0,3,4,23,"y",6,17,47,NA,NA,NA,NA,NA,NA,NA,NA,NA,NA,0,1
77,0.8,0,3,4,24,"y",5,18,41,NA,NA,NA,NA,NA,NA,NA,NA,NA,NA,0,1
77,0.8,0,3,4,25,"y",8,27,49,20,22.2,60,NA,NA,NA,NA,NA,NA,60,0,1
77,0.8,0,3,4,26,"y",7,32,55,18,22,40,NA,NA,NA,NA,NA,NA,40,0,1
77,0.8,0,3,4,27,"y",5,18,37,NA,NA,NA,NA,NA,NA,NA,NA,NA,NA,0,1
77,0.8,0,3,4,28,"y",7,31,65,19,21.8,45,NA,NA,NA,NA,NA,NA,45,0,1
77,0.8,0,3,4,29,"y",7,54,83,NA,NA,NA,NA,NA,NA,NA,NA,NA,NA,0,1
77,0.8,0,3,4,3,"y",5,14,35,NA,NA,NA,NA,NA,NA,NA,NA,NA,NA,0,1
77,0.8,0,3,4,30,"y",6,20,37,NA,NA,NA,NA,NA,NA,NA,NA,NA,NA,0,1
77,0.8,0,3,4,4,"y",6,32,54,15,21,30,NA,NA,NA,NA,NA,NA,30,0,1
77,0.8,0,3,4,5,"y",7,28,53,NA,NA,NA,NA,NA,NA,NA,NA,NA,NA,0,1
77,0.8,0,3,4,6,"y",7,30,63,18,21.5,45,NA,NA,NA,NA,NA,NA,45,0,1
77,0.8,0,3,4,7,"y",NA,NA,NA,NA,NA,NA,NA,NA,NA,NA,NA,NA,NA,0,1
77,0.8,0,3,4,8,"y",7,25,50,14,21,15,NA,NA,NA,NA,NA,NA,15,0,1
77,0.8,0,3,4,9,"y",6,24,48,NA,NA,NA,NA,NA,NA,NA,NA,NA,NA,0,1
80,0.4,0,2,4,1,"y",7,25,50,18,21.7,45,NA,NA,NA,NA,NA,NA,45,0,1
80,0.4,0,2,4,10,"y",6,24,54,16,21.5,30,NA,NA,NA,NA,NA,NA,30,0,1
80,0.4,0,2,4,11,"y",8,28,51,15,20,10,NA,NA,NA,NA,NA,NA,10,0,1
80,0.4,0,2,4,12,"y",6,15,39,NA,NA,NA,NA,NA,NA,NA,NA,NA,NA,0,1
80,0.4,0,2,4,13,"y",6,16,34,NA,NA,NA,NA,NA,NA,NA,NA,NA,NA,0,1
80,0.4,0,2,4,14,"y",6,17,39,NA,NA,NA,NA,NA,NA,NA,NA,NA,NA,0,1
80,0.4,0,2,4,15,"y",6,14,23,NA,NA,NA,NA,NA,NA,NA,NA,NA,NA,0,1
80,0.4,0,2,4,16,"y",NA,NA,NA,NA,NA,NA,NA,NA,NA,NA,NA,NA,NA,0,1
80,0.4,0,2,4,17,"n",NA,NA,NA,NA,NA,NA,NA,NA,NA,NA,NA,NA,NA,0,0
80,0.4,0,2,4,18,"y",NA,NA,NA,NA,NA,NA,NA,NA,NA,NA,NA,NA,NA,0,1
80,0.4,0,2,4,19,"n",NA,NA,NA,NA,NA,NA,NA,NA,NA,NA,NA,NA,NA,0,0
80,0.4,0,2,4,2,"y",6,21,47,NA,NA,NA,NA,NA,NA,NA,NA,NA,NA,0,1
80,0.4,0,2,4,20,"y",6,22,40,15,21.3,30,NA,NA,NA,NA,NA,NA,30,0,1
80,0.4,0,2,4,21,"y",7,37,57,NA,NA,NA,NA,NA,NA,NA,NA,NA,NA,0,1
80,0.4,0,2,4,22,"y",7,26,45,13,21,15,NA,NA,NA,NA,NA,NA,15,0,1
80,0.4,0,2,4,23,"y",NA,NA,NA,NA,NA,NA,NA,NA,NA,NA,NA,NA,NA,0,1
80,0.4,0,2,4,24,"y",6,18,39,17,21.2,30,NA,NA,NA,NA,NA,NA,30,0,1
80,0.4,0,2,4,25,"y",5,17,36,NA,NA,NA,NA,NA,NA,NA,NA,NA,NA,0,1
80,0.4,0,2,4,26,"y",7,25,62,NA,NA,NA,NA,NA,NA,NA,NA,NA,NA,0,1
80,0.4,0,2,4,27,"y",7,24,47,NA,NA,NA,NA,NA,NA,NA,NA,NA,NA,0,1
80,0.4,0,2,4,28,"y",7,41,82,21,22.5,80,NA,NA,NA,NA,NA,NA,80,0,1
80,0.4,0,2,4,29,"y",6,25,53,15,21,30,NA,NA,NA,NA,NA,NA,30,0,1
80,0.4,0,2,4,3,"y",7,27,54,NA,NA,NA,NA,NA,NA,NA,NA,NA,NA,0,1
80,0.4,0,2,4,30,"y",8,28,62,16,22.5,45,NA,NA,NA,NA,NA,NA,45,0,1
80,0.4,0,2,4,4,"y",9,28,56,NA,NA,NA,NA,NA,NA,NA,NA,NA,NA,0,1
80,0.4,0,2,4,5,"y",7,30,69,NA,NA,NA,NA,NA,NA,NA,NA,NA,NA,0,1
80,0.4,0,2,4,6,"y",6,20,51,NA,NA,NA,NA,NA,NA,NA,NA,NA,NA,0,1
80,0.4,0,2,4,7,"y",7,22,45,NA,NA,NA,NA,NA,NA,NA,NA,NA,NA,0,1
80,0.4,0,2,4,8,"y",7,30,62,16,20.2,45,NA,NA,NA,NA,NA,NA,45,0,1
80,0.4,0,2,4,9,"y",5,23,54,NA,NA,NA,NA,NA,NA,NA,NA,NA,NA,0,1
83,3,0,4,4,1,"y",8,47,83,22,22.7,85,NA,NA,NA,NA,NA,NA,85,0,1
83,3,0,4,4,10,"y",7,1,38,18,21,25,NA,NA,NA,NA,NA,NA,25,0,1
83,3,0,4,4,11,"y",8,43,64,21,23,85,NA,NA,NA,NA,NA,NA,85,0,1
83,3,0,4,4,12,"y",8,33,75,15,22,35,NA,NA,NA,NA,NA,NA,35,0,1
83,3,0,4,4,13,"y",8,38,78,17,23.5,50,NA,NA,NA,NA,NA,NA,50,0,1
83,3,0,4,4,14,"y",7,43,52,18,21,40,NA,NA,NA,NA,NA,NA,40,0,1
83,3,0,4,4,15,"y",7,35,74,NA,NA,NA,NA,NA,NA,NA,NA,NA,NA,0,1
83,3,0,4,4,16,"y",8,38,71,NA,NA,NA,NA,NA,NA,NA,NA,NA,NA,0,1
83,3,0,4,4,17,"y",7,43,86,19,21.7,45,NA,NA,NA,NA,NA,NA,45,0,1
83,3,0,4,4,18,"y",6,119,49,NA,NA,NA,NA,NA,NA,NA,NA,NA,NA,0,1
83,3,0,4,4,19,"y",9,48,83,16,20,25,NA,NA,NA,NA,NA,NA,25,0,1
83,3,0,4,4,2,"y",6,20,46,16,23,30,NA,NA,NA,NA,NA,NA,30,0,1
83,3,0,4,4,20,"y",4,10,28,NA,NA,NA,NA,NA,NA,NA,NA,NA,NA,0,1
83,3,0,4,4,21,"y",8,35,74,16,20.8,20,NA,NA,NA,NA,NA,NA,20,0,1
83,3,0,4,4,22,"y",8,34,75,17,22.8,55,NA,NA,NA,NA,NA,NA,55,0,1
83,3,0,4,4,23,"n",NA,NA,NA,NA,NA,NA,NA,NA,NA,NA,NA,NA,NA,0,0
83,3,0,4,4,24,"y",6,12,28,NA,NA,NA,NA,NA,NA,NA,NA,NA,NA,0,1
83,3,0,4,4,25,"y",9,74,102,20,24.4,120,NA,NA,NA,NA,NA,NA,120,0,1
83,3,0,4,4,26,"y",8,29,69,NA,NA,NA,NA,NA,NA,NA,NA,NA,NA,0,1
83,3,0,4,4,27,"y",8,33,69,18,21.3,50,NA,NA,NA,NA,NA,NA,50,0,1
83,3,0,4,4,28,"y",6,18,39,NA,NA,NA,NA,NA,NA,NA,NA,NA,NA,0,1
83,3,0,4,4,29,"y",7,24,54,15,23,45,NA,NA,NA,NA,NA,NA,45,0,1
83,3,0,4,4,3,"y",8,35,73,13,20.5,10,NA,NA,NA,NA,NA,NA,10,0,1
83,3,0,4,4,30,"y",6,21,60,NA,NA,NA,NA,NA,NA,NA,NA,NA,NA,0,1
83,3,0,4,4,4,"y",7,45,84,NA,NA,NA,NA,NA,NA,NA,NA,NA,NA,0,1
83,3,0,4,4,5,"y",5,20,45,20,21.3,50,NA,NA,NA,NA,NA,NA,50,0,1
83,3,0,4,4,6,"y",7,29,62,15,21.4,30,NA,NA,NA,NA,NA,NA,30,0,1
83,3,0,4,4,7,"n",NA,NA,NA,NA,NA,NA,NA,NA,NA,NA,NA,NA,NA,0,0
83,3,0,4,4,8,"y",8,33,75,15,22,35,NA,NA,NA,NA,NA,NA,35,0,1
83,3,0,4,4,9,"y",NA,NA,NA,NA,NA,NA,NA,NA,NA,NA,NA,NA,NA,0,1
85,0,0,1,4,1,"y",8,27,63,21,24,100,NA,NA,NA,NA,NA,NA,100,0,1
85,0,0,1,4,10,"y",8,31,55,17,23.5,70,NA,NA,NA,NA,NA,NA,70,0,1
85,0,0,1,4,11,"y",7,23,52,20,22,65,NA,NA,NA,NA,NA,NA,65,0,1
85,0,0,1,4,12,"y",8,32,67,23,22.5,100,NA,NA,NA,NA,NA,NA,100,0,1
85,0,0,1,4,13,"y",7,29,60,18,22.3,55,NA,NA,NA,NA,NA,NA,55,0,1
85,0,0,1,4,14,"y",7,26,56,16,22,40,NA,NA,NA,NA,NA,NA,40,0,1
85,0,0,1,4,15,"y",7,19,39,NA,NA,NA,NA,NA,NA,NA,NA,NA,NA,0,1
85,0,0,1,4,16,"y",6,10,18,NA,NA,NA,NA,NA,NA,NA,NA,NA,NA,0,1
85,0,0,1,4,17,"y",7,29,48,15,22.5,40,NA,NA,NA,NA,NA,NA,40,0,1
85,0,0,1,4,18,"y",6,24,56,NA,NA,NA,NA,NA,NA,NA,NA,NA,NA,0,1
85,0,0,1,4,19,"y",7,29,59,NA,NA,NA,NA,NA,NA,NA,NA,NA,NA,0,1
85,0,0,1,4,2,"y",NA,NA,NA,NA,NA,NA,NA,NA,NA,NA,NA,NA,NA,0,1
85,0,0,1,4,20,"y",6,38,56,NA,NA,NA,NA,NA,NA,NA,NA,NA,NA,0,1
85,0,0,1,4,21,"y",7,30,49,24,22,120,NA,NA,NA,NA,NA,NA,120,0,1
85,0,0,1,4,22,"y",7,24,43,NA,NA,NA,NA,NA,NA,NA,NA,NA,NA,0,1
85,0,0,1,4,23,"y",5,23,27,NA,NA,NA,NA,NA,NA,NA,NA,NA,NA,0,1
85,0,0,1,4,24,"y",6,26,48,18,21.3,40,NA,NA,NA,NA,NA,NA,40,0,1
85,0,0,1,4,25,"y",6,27,47,NA,NA,NA,NA,NA,NA,NA,NA,NA,NA,0,1
85,0,0,1,4,26,"y",5,26,47,18,22.4,60,NA,NA,NA,NA,NA,NA,60,0,1
85,0,0,1,4,27,"y",6,24,47,NA,NA,NA,NA,NA,NA,NA,NA,NA,NA,0,1
85,0,0,1,4,28,"y",7,24,50,NA,NA,NA,NA,NA,NA,NA,NA,NA,NA,0,1
85,0,0,1,4,29,"y",6,21,34,NA,NA,NA,NA,NA,NA,NA,NA,NA,NA,0,1
85,0,0,1,4,3,"y",6,19,42,15,22,30,NA,NA,NA,NA,NA,NA,30,0,1
85,0,0,1,4,30,"y",6,24,49,NA,NA,NA,NA,NA,NA,NA,NA,NA,NA,0,1
85,0,0,1,4,4,"y",7,18,41,NA,NA,NA,NA,NA,NA,NA,NA,NA,NA,0,1
85,0,0,1,4,5,"y",7,23,50,NA,NA,NA,NA,NA,NA,NA,NA,NA,NA,0,1
85,0,0,1,4,6,"y",6,21,43,NA,NA,NA,NA,NA,NA,NA,NA,NA,NA,0,1
85,0,0,1,4,7,"y",6,19,48,NA,NA,NA,NA,NA,NA,NA,NA,NA,NA,0,1
85,0,0,1,4,8,"y",7,30,59,19,22,60,NA,NA,NA,NA,NA,NA,60,0,1
85,0,0,1,4,9,"y",7,31,79,NA,NA,NA,NA,NA,NA,NA,NA,NA,NA,0,1
86,5,0,5,4,1,"y",7,61,100,23,24,125,NA,NA,NA,NA,NA,NA,125,0,1
86,5,0,5,4,10,"y",8,32,68,16,21.8,50,NA,NA,NA,NA,NA,NA,50,0,1
86,5,0,5,4,11,"y",7,63,96,24,24.2,160,NA,NA,NA,NA,NA,NA,160,0,1
86,5,0,5,4,12,"y",7,51,93,18,22,45,NA,NA,NA,NA,NA,NA,45,0,1
86,5,0,5,4,13,"y",8,64,111,19,24,100,NA,NA,NA,NA,NA,NA,100,0,1
86,5,0,5,4,14,"y",8,34,85,NA,NA,NA,NA,NA,NA,NA,NA,NA,NA,0,1
86,5,0,5,4,15,"y",7,55,91,NA,NA,NA,NA,NA,NA,NA,NA,NA,NA,0,1
86,5,0,5,4,16,"y",8,61,112,20,22.5,85,NA,NA,NA,NA,NA,NA,85,0,1
86,5,0,5,4,17,"y",8,64,111,24,23.4,125,NA,NA,NA,NA,NA,NA,125,0,1
86,5,0,5,4,18,"y",8,44,73,23,24.6,130,NA,NA,NA,NA,NA,NA,130,0,1
86,5,0,5,4,19,"y",7,69,78,26,25.5,180,NA,NA,NA,NA,NA,NA,180,0,1
86,5,0,5,4,2,"n",NA,NA,NA,NA,NA,NA,NA,NA,NA,NA,NA,NA,NA,0,0
86,5,0,5,4,20,"y",8,48,85,23,26,170,NA,NA,NA,NA,NA,NA,170,0,1
86,5,0,5,4,21,"y",NA,NA,NA,23,24.5,135,NA,NA,NA,NA,NA,NA,135,0,1
86,5,0,5,4,22,"y",8,54,102,NA,NA,NA,NA,NA,NA,NA,NA,NA,NA,0,1
86,5,0,5,4,23,"y",7,33,70,NA,NA,NA,NA,NA,NA,NA,NA,NA,NA,0,1
86,5,0,5,4,24,"y",NA,NA,NA,20,23.5,100,NA,NA,NA,NA,NA,NA,100,0,1
86,5,0,5,4,25,"y",8,66,73,NA,NA,NA,NA,NA,NA,NA,NA,NA,NA,0,1
86,5,0,5,4,26,"y",7,48,85,22,23.5,120,NA,NA,NA,NA,NA,NA,120,0,1
86,5,0,5,4,27,"n",8,55,114,18,22,45,NA,NA,NA,NA,NA,NA,45,0,1
86,5,0,5,4,28,"y",8,47,80,20,25,110,NA,NA,NA,NA,NA,NA,110,0,1
86,5,0,5,4,29,"y",7,59,102,21,23.8,100,NA,NA,NA,NA,NA,NA,100,0,1
86,5,0,5,4,3,"y",7,74,103,22,25,135,NA,NA,NA,NA,NA,NA,135,0,1
86,5,0,5,4,30,"y",8,42,84,NA,NA,NA,NA,NA,NA,NA,NA,NA,NA,0,1
86,5,0,5,4,4,"y",8,58,104,19,23.5,75,NA,NA,NA,NA,NA,NA,75,0,1
86,5,0,5,4,5,"y",9,58,97,20,22.8,80,NA,NA,NA,NA,NA,NA,80,0,1
86,5,0,5,4,6,"y",8,56,89,21,23.5,90,NA,NA,NA,NA,NA,NA,90,0,1
86,5,0,5,4,7,"y",7,45,78,NA,NA,NA,NA,NA,NA,NA,NA,NA,NA,0,1
86,5,0,5,4,8,"y",6,37,61,22,21.5,80,NA,NA,NA,NA,NA,NA,80,0,1
86,5,0,5,4,9,"y",7,39,76,18,21.5,50,NA,NA,NA,NA,NA,NA,50,0,1
9,11,0,8,1,1,"n",NA,NA,NA,NA,NA,NA,NA,NA,NA,NA,NA,NA,NA,0,0
9,11,0,8,1,10,"y",6,36,79,17,21.6,25,NA,NA,NA,NA,NA,NA,25,0,1
9,11,0,8,1,11,"y",10,81,133,24,26,185,NA,NA,NA,NA,NA,NA,185,0,1
9,11,0,8,1,12,"n",NA,NA,NA,NA,NA,NA,NA,NA,NA,NA,NA,NA,NA,0,0
9,11,0,8,1,13,"y",11,58,140,22,24.2,135,NA,NA,NA,NA,NA,NA,135,0,1
9,11,0,8,1,14,"y",8,57,89,24,25.7,208,NA,NA,NA,NA,NA,NA,208,0,1
9,11,0,8,1,15,"n",NA,NA,NA,NA,NA,NA,NA,NA,NA,NA,NA,NA,NA,0,0
9,11,0,8,1,16,"y",9,77,123,25,25.4,233,NA,NA,NA,NA,NA,NA,233,0,1
9,11,0,8,1,17,"y",NA,NA,NA,NA,NA,NA,NA,NA,NA,NA,NA,NA,NA,0,1
9,11,0,8,1,18,"y",NA,NA,NA,NA,NA,NA,NA,NA,NA,NA,NA,NA,NA,0,1
9,11,0,8,1,19,"y",10,74,130,24,25.5,232,18,24.1,98,NA,NA,NA,330,0,1
9,11,0,8,1,2,"y",9,67,124,22,24.7,130,NA,NA,NA,NA,NA,NA,130,0,1
9,11,0,8,1,20,"y",10,92,144,25,25.6,227,NA,NA,NA,NA,NA,NA,227,0,1
9,11,0,8,1,21,"y",9,67,118,23,23.5,100,19,23.5,60,NA,NA,NA,160,0,1
9,11,0,8,1,22,"n",NA,NA,NA,NA,NA,NA,NA,NA,NA,NA,NA,NA,NA,0,0
9,11,0,8,1,23,"y",9,87,140,27,25.5,270,17,20,31,NA,NA,NA,301,0,1
9,11,0,8,1,24,"y",9,62,114,20,25.1,130,NA,NA,NA,NA,NA,NA,130,0,1
9,11,0,8,1,25,"y",11,127,160,30,24.6,266,NA,NA,NA,NA,NA,NA,266,0,1
9,11,0,8,1,26,"y",9,70,138,25,25.6,209,NA,NA,NA,NA,NA,NA,209,0,1
9,11,0,8,1,27,"y",10,84,129,23,24.8,162,NA,NA,NA,NA,NA,NA,162,0,1
9,11,0,8,1,28,"y",9,76,125,30,25.1,273,NA,NA,NA,NA,NA,NA,273,0,1
9,11,0,8,1,29,"n",NA,NA,NA,NA,NA,NA,NA,NA,NA,NA,NA,NA,NA,0,0
9,11,0,8,1,3,"y",10,109,157,29,25.1,283,NA,NA,NA,NA,NA,NA,283,0,1
9,11,0,8,1,30,"y",10,80,130,28,27,275,NA,NA,NA,NA,NA,NA,275,0,1
9,11,0,8,1,4,"y",10,88,147,29,25.7,278,NA,NA,NA,NA,NA,NA,278,0,1
9,11,0,8,1,5,"y",12,93,145,28,27.7,292,NA,NA,NA,NA,NA,NA,292,0,1
9,11,0,8,1,6,"y",9,91,147,26,25.9,229,NA,NA,NA,NA,NA,NA,229,0,1
9,11,0,8,1,7,"y",10,87,126,27,27.6,300,25,26.1,210,NA,NA,NA,510,0,1
9,11,0,8,1,8,"y",5,26,62,27,26.7,266,NA,NA,NA,NA,NA,NA,266,0,1
9,11,0,8,1,9,"y",7,73,126,NA,NA,NA,NA,NA,NA,NA,NA,NA,NA,0,1
92,20,0,11,4,1,"y",4,15,26,NA,NA,NA,NA,NA,NA,NA,NA,NA,NA,0,1
92,20,0,11,4,10,"y",8,94,122,27,24.2,160,NA,NA,NA,NA,NA,NA,160,0,1
92,20,0,11,4,11,"y",8,97,148,24,24,150,17,20.2,25,NA,NA,NA,175,0,1
92,20,0,11,4,12,"n",NA,NA,NA,NA,NA,NA,NA,NA,NA,NA,NA,NA,NA,0,0
92,20,0,11,4,13,"y",8,105,160,24,24.5,145,NA,NA,NA,NA,NA,NA,145,0,1
92,20,0,11,4,14,"y",9,105,163,28,24,190,NA,NA,NA,NA,NA,NA,190,0,1
92,20,0,11,4,15,"y",8,100,148,26,24.9,165,NA,NA,NA,NA,NA,NA,165,0,1
92,20,0,11,4,16,"y",7,69,101,18,21.3,35,NA,NA,NA,NA,NA,NA,35,0,1
92,20,0,11,4,17,"y",7,105,150,NA,NA,NA,NA,NA,NA,NA,NA,NA,NA,0,1
92,20,0,11,4,18,"y",8,89,145,26,24,140,NA,NA,NA,NA,NA,NA,140,0,1
92,20,0,11,4,19,"y",6,68,110,25,25.5,150,NA,NA,NA,NA,NA,NA,150,0,1
92,20,0,11,4,2,"y",8,94,128,26,24,160,NA,NA,NA,NA,NA,NA,160,0,1
92,20,0,11,4,20,"y",9,92,168,25,25,120,NA,NA,NA,NA,NA,NA,120,0,1
92,20,0,11,4,21,"y",8,88,124,22,23.3,120,NA,NA,NA,NA,NA,NA,120,0,1
92,20,0,11,4,22,"y",7,91,122,29,25,210,NA,NA,NA,NA,NA,NA,210,0,1
92,20,0,11,4,23,"y",10,114,160,26,23.3,150,NA,NA,NA,NA,NA,NA,150,0,1
92,20,0,11,4,24,"y",9,99,118,25,24,120,NA,NA,NA,NA,NA,NA,120,0,1
92,20,0,11,4,25,"n",NA,NA,NA,NA,NA,NA,NA,NA,NA,NA,NA,NA,NA,0,0
92,20,0,11,4,26,"y",10,100,135,16,20.7,25,NA,NA,NA,NA,NA,NA,25,0,1
92,20,0,11,4,27,"y",8,95,128,27,23,155,NA,NA,NA,NA,NA,NA,155,0,1
92,20,0,11,4,28,"y",10,104,144,28,24.4,185,20,22,55,NA,NA,NA,240,0,1
92,20,0,11,4,29,"n",NA,NA,NA,NA,NA,NA,NA,NA,NA,NA,NA,NA,NA,0,0
92,20,0,11,4,3,"y",8,110,140,24,26,195,NA,NA,NA,NA,NA,NA,195,0,1
92,20,0,11,4,30,"y",7,NA,NA,20,22.9,70,20,21.9,55,NA,NA,NA,125,0,1
92,20,0,11,4,4,"y",9,104,146,20,22,65,15,21.5,25,NA,NA,NA,90,0,1
92,20,0,11,4,5,"y",8,102,148,24,25.5,170,NA,NA,NA,NA,NA,NA,170,0,1
92,20,0,11,4,6,"n",NA,NA,NA,NA,NA,NA,NA,NA,NA,NA,NA,NA,NA,0,0
92,20,0,11,4,7,"y",7,102,150,24,24.2,140,NA,NA,NA,NA,NA,NA,140,0,1
92,20,0,11,4,8,"y",9,117,176,25,25.5,175,NA,NA,NA,NA,NA,NA,175,0,1
92,20,0,11,4,9,"y",9,130,173,27,26.6,240,NA,NA,NA,NA,NA,NA,240,0,1
98,15,0,10,5,1,"y",8,72,122,27,24.7,180,NA,NA,NA,NA,NA,NA,180,0,1
98,15,0,10,5,10,"y",NA,NA,NA,NA,NA,NA,NA,NA,NA,NA,NA,NA,NA,0,1
98,15,0,10,5,11,"y",10,78,120,21,26,125,NA,NA,NA,NA,NA,NA,125,0,1
98,15,0,10,5,12,"y",8,86,135,25,23.5,130,NA,NA,NA,NA,NA,NA,130,0,1
98,15,0,10,5,13,"y",9,99,129,28,24.9,205,NA,NA,NA,NA,NA,NA,205,0,1
98,15,0,10,5,14,"y",9,104,130,25,24.5,155,NA,NA,NA,NA,NA,NA,155,0,1
98,15,0,10,5,15,"y",9,86,143,25,25,135,NA,NA,NA,NA,NA,NA,135,0,1
98,15,0,10,5,16,"y",9,119,150,27,26,230,NA,NA,NA,NA,NA,NA,230,0,1
98,15,0,10,5,17,"y",9,103,145,23,25,145,NA,NA,NA,NA,NA,NA,145,0,1
98,15,0,10,5,18,"y",7,53,97,22,23.7,95,NA,NA,NA,NA,NA,NA,95,0,1
98,15,0,10,5,19,"y",5,25,54,NA,NA,NA,NA,NA,NA,NA,NA,NA,NA,0,1
98,15,0,10,5,2,"n",NA,NA,NA,NA,NA,NA,NA,NA,NA,NA,NA,NA,NA,0,0
98,15,0,10,5,20,"y",NA,NA,NA,NA,NA,NA,NA,NA,NA,NA,NA,NA,NA,0,1
98,15,0,10,5,21,"y",8,95,138,21,23.7,100,NA,NA,NA,NA,NA,NA,100,0,1
98,15,0,10,5,22,"y",7,36,78,16,22,40,NA,NA,NA,NA,NA,NA,40,0,1
98,15,0,10,5,23,"y",9,88,123,28,26,170,NA,NA,NA,NA,NA,NA,170,0,1
98,15,0,10,5,24,"y",8,86,15,29,24.6,185,NA,NA,NA,NA,NA,NA,185,0,1
98,15,0,10,5,25,"y",8,70,112,26,24.8,175,NA,NA,NA,NA,NA,NA,175,0,1
98,15,0,10,5,26,"y",6,67,110,23,23.5,125,NA,NA,NA,NA,NA,NA,125,0,1
98,15,0,10,5,27,"y",7,73,116,21,23.5,75,NA,NA,NA,NA,NA,NA,75,0,1
98,15,0,10,5,28,"y",8,80,130,21,25.3,130,NA,NA,NA,NA,NA,NA,130,0,1
98,15,0,10,5,29,"y",8,86,123,25,25.3,185,NA,NA,NA,NA,NA,NA,185,0,1
98,15,0,10,5,3,"y",7,50,95,16,23,60,NA,NA,NA,NA,NA,NA,60,0,1
98,15,0,10,5,30,"y",7,33,85,NA,NA,NA,NA,NA,NA,NA,NA,NA,NA,0,1
98,15,0,10,5,4,"y",4,53,92,17,25,85,NA,NA,NA,NA,NA,NA,85,0,1
98,15,0,10,5,5,"y",7,75,123,22,25.2,140,NA,NA,NA,NA,NA,NA,140,0,1
98,15,0,10,5,6,"y",7,60,96,17,24,85,NA,NA,NA,NA,NA,NA,85,0,1
98,15,0,10,5,7,"y",8,65,110,26,23.5,130,NA,NA,NA,NA,NA,NA,130,0,1
98,15,0,10,5,8,"n",NA,NA,NA,NA,NA,NA,NA,NA,NA,NA,NA,NA,NA,0,0
98,15,0,10,5,9,"y",8,57,105,28,25.8,220,NA,NA,NA,NA,NA,NA,220,0,1
99,30,0,12,5,1,"n",NA,NA,NA,NA,NA,NA,NA,NA,NA,NA,NA,NA,NA,0,0
99,30,0,12,5,10,"y",9,91,142,22,22.8,115,NA,NA,NA,NA,NA,NA,115,0,1
99,30,0,12,5,11,"y",9,69,103,23,24.8,145,NA,NA,NA,NA,NA,NA,145,0,1
99,30,0,12,5,12,"y",9,88,139,26,25.8,210,NA,NA,NA,NA,NA,NA,210,0,1
99,30,0,12,5,13,"y",8,85,122,24,25.8,165,NA,NA,NA,NA,NA,NA,165,0,1
99,30,0,12,5,14,"y",10,108,160,28,25.1,195,NA,NA,NA,NA,NA,NA,195,0,1
99,30,0,12,5,15,"y",7,23,46,NA,NA,NA,NA,NA,NA,NA,NA,NA,NA,0,1
99,30,0,12,5,16,"y",8,101,152,20,24,120,NA,NA,NA,NA,NA,NA,120,0,1
99,30,0,12,5,17,"y",9,88,128,NA,NA,NA,NA,NA,NA,NA,NA,NA,NA,0,1
99,30,0,12,5,18,"y",8,66,109,28,24.3,170,17,24.8,80,NA,NA,NA,250,0,1
99,30,0,12,5,19,"y",8,70,116,26,24,175,NA,NA,NA,NA,NA,NA,175,0,1
99,30,0,12,5,2,"n",NA,NA,NA,NA,NA,NA,NA,NA,NA,NA,NA,NA,NA,0,0
99,30,0,12,5,20,"y",10,96,143,24,26.5,190,NA,NA,NA,NA,NA,NA,190,0,1
99,30,0,12,5,21,"y",9,94,148,20,27.3,125,NA,NA,NA,NA,NA,NA,125,0,1
99,30,0,12,5,22,"y",7,54,107,23,23.6,100,NA,NA,NA,NA,NA,NA,100,0,1
99,30,0,12,5,23,"y",10,95,148,26,24.5,170,NA,NA,NA,NA,NA,NA,170,0,1
99,30,0,12,5,24,"y",9,118,160,26,27.8,270,NA,NA,NA,NA,NA,NA,270,0,1
99,30,0,12,5,25,"y",9,63,120,18,23.2,65,NA,NA,NA,NA,NA,NA,65,0,1
99,30,0,12,5,26,"y",9,70,125,24,22.5,100,NA,NA,NA,NA,NA,NA,100,0,1
99,30,0,12,5,27,"y",8,61,107,15,22.6,35,13,19.5,10,NA,NA,NA,45,0,1
99,30,0,12,5,28,"y",9,113,155,17,23.7,70,19,20.8,35,NA,NA,NA,105,0,1
99,30,0,12,5,29,"y",8,74,121,25,25.3,190,NA,NA,NA,NA,NA,NA,190,0,1
99,30,0,12,5,3,"n",NA,NA,NA,NA,NA,NA,NA,NA,NA,NA,NA,NA,NA,0,0
99,30,0,12,5,30,"y",10,79,184,23,25.6,145,NA,NA,NA,NA,NA,NA,145,0,1
99,30,0,12,5,4,"n",NA,NA,NA,NA,NA,NA,NA,NA,NA,NA,NA,NA,NA,0,0
99,30,0,12,5,5,"y",8,85,146,26,25.3,175,19,22.8,75,NA,NA,NA,250,0,1
99,30,0,12,5,6,"y",10,87,144,NA,NA,NA,NA,NA,NA,NA,NA,NA,NA,0,1
99,30,0,12,5,7,"y",9,88,132,26,24.3,160,NA,NA,NA,NA,NA,NA,160,0,1
99,30,0,12,5,8,"y",8,76,135,24,25.8,190,NA,NA,NA,NA,NA,NA,190,0,1
99,30,0,12,5,9,"y",9,78,139,24,25.4,190,NA,NA,NA,NA,NA,NA,190,0,1
